suite,candidate,mode,mean,median,min,max
feedback_bias,baseline,classical,26.396760048588074,24.008551551641524,21.38816784544645,36.1817692456228
feedback_bias,baseline,hybrid,26.98455112069385,25.443649106173876,18.57061492096701,38.48029134946065
feedback_bias,independent_prior,classical,26.396760048588074,24.008551551641524,21.38816784544645,36.1817692456228
feedback_bias,independent_prior,hybrid,26.519906431103436,23.682858143951535,18.523464053489043,40.19044538302164
feedback_bias,yaw_course_bias,classical,19.277375194413672,16.56938360465308,8.503408002678189,35.467325565670336
feedback_bias,yaw_course_bias,hybrid,20.61171116457966,20.497837082209607,8.519447880844497,32.93172261305492
feedback_bias,yaw_course_bias_independent,classical,19.277375194413672,16.56938360465308,8.503408002678189,35.467325565670336
feedback_bias,yaw_course_bias_independent,hybrid,20.104363813110773,18.647509613843837,8.43830353827206,34.68413248648336
initialization,baseline,classical,26.396760048588074,24.008551551641524,21.38816784544645,36.1817692456228
initialization,baseline,hybrid,26.98455112069385,25.443649106173876,18.57061492096701,38.48029134946065
initialization,yaw_anchor,classical,23.551838458288078,23.419719246642703,7.393334215146688,39.97458112472022
initialization,yaw_anchor,hybrid,21.916455404296567,20.176166404068553,6.799186851104416,40.51430195794475
initialization,yaw_speed,classical,22.2254523175261,19.883133919558837,7.250374253068595,41.88516717791813
initialization,yaw_speed,hybrid,22.27405042025314,18.40453498337484,11.223554315120808,41.06357739914206
initialization,yaw_speed_bias,classical,28.27794619916034,29.685328436334924,7.250374253068595,46.490753670902926
initialization,yaw_speed_bias,hybrid,26.279809489017197,26.1452347816302,11.281997865940427,41.54677052686797
turn_constraint,baseline,classical,26.396760048588074,24.008551551641524,21.38816784544645,36.1817692456228
turn_constraint,baseline,hybrid,26.98455112069385,25.443649106173876,18.57061492096701,38.48029134946065
turn_constraint,turn_constraint,classical,35.458484834197556,31.624026851219732,19.1959380965488,59.38994753780196
turn_constraint,turn_constraint,hybrid,33.61462055079728,30.842658909833666,19.35318288302631,53.419981500495474
turn_constraint,yaw_course_bias,classical,19.277375194413672,16.56938360465308,8.503408002678189,35.467325565670336
turn_constraint,yaw_course_bias,hybrid,20.61171116457966,20.497837082209607,8.519447880844497,32.93172261305492
turn_constraint,yaw_course_bias_turn_constraint,classical,34.62327994989589,29.536756173297867,23.357552240218563,56.06205521276927
turn_constraint,yaw_course_bias_turn_constraint,hybrid,32.86207939100049,29.861202699360142,21.75067587873485,49.97523628654683
