scenario,candidate,mode,drift_pct,final_error_m,rmse_m,speed_mae,initial_speed,initial_yaw,accel_bias,suite,mean_error_m,p95_m,max_error_m
DEV_1120,baseline,classical,49.69757896436546,289.51081992088325,131.07088240352547,3.461221665764861,8.94,109.57773895314917,0.0,initialization,,,
DEV_1120,baseline,hybrid,36.367922572719166,211.85955739205403,108.56053727049108,1.9113149292698528,8.94,109.57773895314917,0.0,initialization,,,
DEV_1120,yaw_anchor,classical,40.39182585614441,235.3006095145747,99.34530758524704,3.461221665764861,8.94,102.26962660295077,0.0,initialization,,,
DEV_1120,yaw_anchor,hybrid,28.663080277054725,166.9753747645997,82.88898727897718,1.9113149292698528,8.94,102.26962660295077,0.0,initialization,,,
DEV_1120,yaw_speed,classical,49.25550547820774,286.9355424101905,124.37328633314696,5.1362250649238455,11.684661085409155,102.26962660295077,0.0,initialization,,,
DEV_1120,yaw_speed,hybrid,24.440170041515444,142.37501735845947,65.92330493300025,1.2907908706500777,11.684661085409155,102.26962660295077,0.0,initialization,,,
DEV_1120,yaw_speed_bias,classical,22.35412721916058,130.22287674164863,58.02866848304975,1.1609886046056774,11.2885701034371,102.26962660295077,0.1366302110976447,initialization,,,
DEV_1120,yaw_speed_bias,hybrid,24.876602001385265,144.9174304331927,67.32555559227949,1.4231457859294998,11.2885701034371,102.26962660295077,0.1366302110976447,initialization,,,
DEV_2020,baseline,classical,246.61315707673853,1275.969215524684,704.8031185542454,30.86428718248516,13.54,287.2610061914395,0.0,initialization,,,
DEV_2020,baseline,hybrid,10.167402655039549,52.60584205423195,49.20439446122603,5.4245240194267605,13.54,287.2610061914395,0.0,initialization,,,
DEV_2020,yaw_anchor,classical,247.25260656065865,1279.2777083319488,704.5659255082455,30.86428718248516,13.54,288.9229659099146,0.0,initialization,,,
DEV_2020,yaw_anchor,hybrid,7.785521073537371,40.28205686349975,42.42154791748127,5.4245240194267605,13.54,288.9229659099146,0.0,initialization,,,
DEV_2020,yaw_speed,classical,301.5655375242137,1560.2912144071704,881.1391016418017,36.91240190803462,19.588114725549485,288.9229659099146,0.0,initialization,,,
DEV_2020,yaw_speed,hybrid,8.279124343615262,42.835945653406135,55.37860665967258,6.1736092673641725,19.588114725549485,288.9229659099146,0.0,initialization,,,
DEV_2020,yaw_speed_bias,classical,301.5655375242137,1560.2912144071704,881.1391016418017,36.91240190803462,19.588114725549485,288.9229659099146,0.0,initialization,,,
DEV_2020,yaw_speed_bias,hybrid,8.279124343615262,42.835945653406135,55.37860665967258,6.1736092673641725,19.588114725549485,288.9229659099146,0.0,initialization,,,
DEV_4000,baseline,classical,41.0241116509107,130.52936848011188,110.01904381262158,3.941838419004185,6.01,20.322177727017674,0.0,initialization,,,
DEV_4000,baseline,hybrid,37.02187574238851,117.79516645538064,78.41496601211334,4.677656436643384,6.01,20.322177727017674,0.0,initialization,,,
DEV_4000,yaw_anchor,classical,33.48276402715724,106.53452000675854,99.18048498772576,3.941838419004185,6.01,1.67,0.0,initialization,,,
DEV_4000,yaw_anchor,hybrid,11.467094846948433,36.48568094320933,29.40174134181904,4.677656436643384,6.01,1.67,0.0,initialization,,,
DEV_4000,yaw_speed,classical,33.48276402715724,106.53452000675854,99.18048498772576,3.941838419004185,6.01,1.67,0.0,initialization,,,
DEV_4000,yaw_speed,hybrid,11.467094846948433,36.48568094320933,29.40174134181904,4.677656436643384,6.01,1.67,0.0,initialization,,,
DEV_4000,yaw_speed_bias,classical,36.0639130107981,114.74714748921728,103.1089917156094,3.958545380561915,6.01,1.67,0.0143404138426089,initialization,,,
DEV_4000,yaw_speed_bias,hybrid,11.44302011574516,36.40908063831956,29.438969674637963,4.650989470712822,6.01,1.67,0.0143404138426089,initialization,,,
S1_10_STEADY,baseline,classical,21.38816784544645,32.97115282422737,18.645919201932337,0.6429592692185423,15.34,241.7100933059293,0.0,initialization,,,
S1_10_STEADY,baseline,hybrid,22.65518470105594,34.924335849489,19.52096421611484,0.8329865802737234,15.34,241.7100933059293,0.0,initialization,,,
S1_10_STEADY,yaw_anchor,classical,7.393334215146688,11.397271334771604,6.241707137218779,0.6429592692185423,15.34,257.110193377144,0.0,initialization,,,
S1_10_STEADY,yaw_anchor,hybrid,13.09567316904618,20.187771318836063,10.448889847642157,0.8329865802737234,15.34,257.110193377144,0.0,initialization,,,
S1_10_STEADY,yaw_speed,classical,7.250374253068595,11.176889916808024,7.421603353483905,0.7794266747769185,14.121918220000245,257.110193377144,0.0,initialization,,,
S1_10_STEADY,yaw_speed,hybrid,16.8665242888891,26.000766122699996,14.157006614349674,1.6997244647664076,14.121918220000245,257.110193377144,0.0,initialization,,,
S1_10_STEADY,yaw_speed_bias,classical,7.250374253068595,11.176889916808024,7.421603353483905,0.7794266747769185,14.121918220000245,257.110193377144,0.0,initialization,,,
S1_10_STEADY,yaw_speed_bias,hybrid,16.8665242888891,26.000766122699996,14.157006614349674,1.6997244647664076,14.121918220000245,257.110193377144,0.0,initialization,,,
S1_30_TURNING,baseline,classical,23.61495396102562,47.44830410489791,47.54219238615131,6.041389168435623,13.71,237.76938500735685,0.0,initialization,,,
S1_30_TURNING,baseline,hybrid,18.57061492096701,37.31297489037021,37.083511098048014,4.48255519458749,13.71,237.76938500735685,0.0,initialization,,,
S1_30_TURNING,yaw_anchor,classical,11.372112927615069,22.84939760607883,39.04885873038653,6.041389168435623,13.71,261.07294589974185,0.0,initialization,,,
S1_30_TURNING,yaw_anchor,hybrid,6.799186851104416,13.661254047315294,27.058281084887977,4.48255519458749,13.71,261.07294589974185,0.0,initialization,,,
S1_30_TURNING,yaw_speed,classical,16.208453687333044,32.56680664700864,50.3073153718581,7.214928809019989,16.04994671962849,261.07294589974185,0.0,initialization,,,
S1_30_TURNING,yaw_speed,hybrid,11.223554315120808,22.550906479030147,36.288168776530185,5.381578361843882,16.04994671962849,261.07294589974185,0.0,initialization,,,
S1_30_TURNING,yaw_speed_bias,classical,15.77518140210244,31.696255081090914,48.19805583544414,6.90720357485562,15.700032948908682,261.07294589974185,0.0499876815314009,initialization,,,
S1_30_TURNING,yaw_speed_bias,hybrid,11.281997865940427,22.66833407922094,35.0530966538254,5.172957574590699,15.700032948908682,261.07294589974185,0.0499876815314009,initialization,,,
S1_60_STOP_GO,baseline,classical,36.1817692456228,95.08349847285986,88.5664859861254,4.2682252169483865,10.42,153.13939893750435,0.0,initialization,,,
S1_60_STOP_GO,baseline,hybrid,28.23211351129181,74.19228462027947,54.15801438775572,1.7371018800183833,10.42,153.13939893750435,0.0,initialization,,,
S1_60_STOP_GO,yaw_anchor,classical,35.467325565670336,93.20598374740396,87.12888962066596,4.2682252169483865,10.42,159.81405192760377,0.0,initialization,,,
S1_60_STOP_GO,yaw_anchor,hybrid,27.256659639090923,71.62885091591524,51.42495245773613,1.7371018800183833,10.42,159.81405192760377,0.0,initialization,,,
S1_60_STOP_GO,yaw_speed,classical,23.55781415178463,61.908508970885,97.20215582811733,4.9595650667467845,12.280257993948682,159.81405192760377,0.0,initialization,,,
S1_60_STOP_GO,yaw_speed,hybrid,19.942545677860583,52.40780235574562,36.61041915726542,1.3660353631443392,12.280257993948682,159.81405192760377,0.0,initialization,,,
S1_60_STOP_GO,yaw_speed_bias,classical,43.59547547056741,114.56626947093734,82.09478212434739,1.869116624478136,10.410366379169805,159.81405192760377,0.2366951411112615,initialization,,,
S1_60_STOP_GO,yaw_speed_bias,hybrid,35.4239452743713,93.09198296890462,69.81991173962528,1.5630679425799372,10.410366379169805,159.81405192760377,0.2366951411112615,initialization,,,
S1_120_HIGHER_SPEED,baseline,classical,24.402149142257425,416.3946948531862,273.7472675400211,3.31681864667954,10.92,95.18599165403288,0.0,initialization,,,
S1_120_HIGHER_SPEED,baseline,hybrid,38.48029134946065,656.6220491855453,342.3351345547812,4.350487853550188,10.92,95.18599165403288,0.0,initialization,,,
S1_120_HIGHER_SPEED,yaw_anchor,classical,39.97458112472022,682.1203908014462,356.0529203040142,3.31681864667954,10.92,122.67930372622598,0.0,initialization,,,
S1_120_HIGHER_SPEED,yaw_anchor,hybrid,40.51430195794475,691.3301079598116,323.5318478522434,4.350487853550188,10.92,122.67930372622598,0.0,initialization,,,
S1_120_HIGHER_SPEED,yaw_speed,classical,41.88516717791813,714.7223510621687,383.0812868898336,3.591866838202718,9.839619873329124,122.67930372622598,0.0,initialization,,,
S1_120_HIGHER_SPEED,yaw_speed,hybrid,41.06357739914206,700.7028635476231,330.68726286240684,4.382691314888573,9.839619873329124,122.67930372622598,0.0,initialization,,,
S1_120_HIGHER_SPEED,yaw_speed_bias,classical,46.490753670902926,793.3114036569416,340.0170972503678,4.676995704854818,10.513419973439388,122.67930372622598,-0.172724967985206,initialization,,,
S1_120_HIGHER_SPEED,yaw_speed_bias,hybrid,41.54677052686797,708.948000228071,333.1044501003992,4.346170749454172,10.513419973439388,122.67930372622598,-0.172724967985206,initialization,,,
DEV_1120,baseline,classical,49.69757896436546,289.51081992088325,131.07088240352547,3.461221665764861,8.94,109.57773895314917,0.0,feedback_bias,105.18171110421592,260.8445068072776,289.51081992088325
DEV_1120,baseline,hybrid,36.367922572719166,211.85955739205403,108.56053727049108,1.9113149292698528,8.94,109.57773895314917,0.0,feedback_bias,93.5614151360248,194.00871292037087,211.85955739205403
DEV_1120,independent_prior,classical,49.69757896436546,289.51081992088325,131.07088240352547,3.461221665764861,8.94,109.57773895314917,0.0,feedback_bias,105.18171110421592,260.8445068072776,289.51081992088325
DEV_1120,independent_prior,hybrid,36.045994090710266,209.98417873730887,108.24730016263948,1.9754083031559009,8.94,109.57773895314917,0.0,feedback_bias,93.31068423534504,192.1505262459529,209.98417873730887
DEV_1120,yaw_course_bias,classical,30.398096344684905,177.08262615959595,72.91640914117716,3.461221665764861,8.94,101.4650784876572,0.0,feedback_bias,54.73579243840964,156.01214535550707,177.08262615959595
DEV_1120,yaw_course_bias,hybrid,16.29244567369883,94.91084684207854,55.941986560473424,1.956861201908571,8.94,101.4650784876572,0.0,feedback_bias,50.4702143277667,89.31997394279126,94.91084684207854
DEV_1120,yaw_course_bias_independent,classical,30.398096344684905,177.08262615959595,72.91640914117716,3.461221665764861,8.94,101.4650784876572,0.0,feedback_bias,54.73579243840964,156.01214535550707,177.08262615959595
DEV_1120,yaw_course_bias_independent,hybrid,15.94303902232673,92.87539545324772,54.92165682846904,2.007086483789454,8.94,101.4650784876572,0.0,feedback_bias,49.5222683268896,87.36576495786721,92.87539545324772
DEV_2020,baseline,classical,246.61315707673853,1275.969215524684,704.8031185542454,30.86428718248516,13.54,287.2610061914395,0.0,feedback_bias,556.614953434908,1301.5191084766525,1323.142451604541
DEV_2020,baseline,hybrid,10.167402655039549,52.60584205423195,49.20439446122603,5.4245240194267605,13.54,287.2610061914395,0.0,feedback_bias,43.60268202234274,75.59250576886443,76.59531769482078
DEV_2020,independent_prior,classical,246.61315707673853,1275.969215524684,704.8031185542454,30.86428718248516,13.54,287.2610061914395,0.0,feedback_bias,556.614953434908,1301.5191084766525,1323.142451604541
DEV_2020,independent_prior,hybrid,159.75774426248802,826.5818662593466,433.2876268578484,19.451805591488306,13.54,287.2610061914395,0.0,feedback_bias,329.53196962282,839.849452439572,853.8140855862476
DEV_2020,yaw_course_bias,classical,252.6028253242741,1306.9595827283404,711.0807120717897,30.86428718248516,13.54,288.0752209992774,0.0,feedback_bias,559.8454064541249,1324.0248332627468,1342.6208191755795
DEV_2020,yaw_course_bias,hybrid,14.63259364692316,75.70860881094941,59.82803853620234,5.446563492339822,13.54,288.0752209992774,0.0,feedback_bias,52.50031038663844,89.64149893378863,90.86505569403744
DEV_2020,yaw_course_bias_independent,classical,252.6028253242741,1306.9595827283404,711.0807120717897,30.86428718248516,13.54,288.0752209992774,0.0,feedback_bias,559.8454064541249,1324.0248332627468,1342.6208191755795
DEV_2020,yaw_course_bias_independent,hybrid,163.9031263401761,848.029951107763,439.0805072383535,19.455827363992885,13.54,288.0752209992774,0.0,feedback_bias,333.0234239833882,856.3630733809634,868.5769133988218
DEV_4000,baseline,classical,41.0241116509107,130.52936848011188,110.01904381262158,3.941838419004185,6.01,20.322177727017674,0.0,feedback_bias,103.48078816802048,139.1224844890365,141.8707073322676
DEV_4000,baseline,hybrid,37.02187574238851,117.79516645538064,78.41496601211334,4.677656436643384,6.01,20.322177727017674,0.0,feedback_bias,71.52359501048984,118.99704291097083,120.671014316397
DEV_4000,independent_prior,classical,41.0241116509107,130.52936848011188,110.01904381262158,3.941838419004185,6.01,20.322177727017674,0.0,feedback_bias,103.48078816802048,139.1224844890365,141.8707073322676
DEV_4000,independent_prior,hybrid,35.56541177337674,113.16103022576836,76.74058957728779,3.880926489041743,6.01,20.322177727017674,0.0,feedback_bias,70.79472566140842,112.29189521902543,113.50565557897114
DEV_4000,yaw_course_bias,classical,33.48276402715724,106.53452000675854,99.18048498772576,3.941838419004185,6.01,1.67,0.0,feedback_bias,93.17348105766663,135.28186467731544,137.73973163991906
DEV_4000,yaw_course_bias,hybrid,11.467094846948433,36.48568094320933,29.40174134181904,4.677656436643384,6.01,1.67,0.0,feedback_bias,26.536574982993063,45.109845041366746,46.69022348690471
DEV_4000,yaw_course_bias_independent,classical,33.48276402715724,106.53452000675854,99.18048498772576,3.941838419004185,6.01,1.67,0.0,feedback_bias,93.17348105766663,135.28186467731544,137.73973163991906
DEV_4000,yaw_course_bias_independent,hybrid,11.651566499813857,37.07262767726424,35.95134831943702,3.880926489041743,6.01,1.67,0.0,feedback_bias,34.48825795164343,47.47735554341229,48.96080895792469
S1_10_STEADY,baseline,classical,21.38816784544645,32.97115282422737,18.645919201932337,0.6429592692185423,15.34,241.7100933059293,0.0,feedback_bias,15.981151471874398,31.16424965882791,32.97115282422737
S1_10_STEADY,baseline,hybrid,22.65518470105594,34.924335849489,19.52096421611484,0.8329865802737234,15.34,241.7100933059293,0.0,feedback_bias,16.586888585629776,32.997359726423475,34.924335849489
S1_10_STEADY,independent_prior,classical,21.38816784544645,32.97115282422737,18.645919201932337,0.6429592692185423,15.34,241.7100933059293,0.0,feedback_bias,15.981151471874398,31.16424965882791,32.97115282422737
S1_10_STEADY,independent_prior,hybrid,22.631626850170715,34.888019999185225,19.50950822484589,0.827843424757138,15.34,241.7100933059293,0.0,feedback_bias,16.578689645993315,32.97223486558184,34.888019999185225
S1_10_STEADY,yaw_course_bias,classical,8.503408002678189,13.108517139430942,7.189070244489852,0.6429592692185423,15.34,257.5243713724914,0.0,feedback_bias,6.192062624243756,12.1202285516702,13.108517139430942
S1_10_STEADY,yaw_course_bias,hybrid,13.739014525328288,21.17952088473631,11.030701505009384,0.8432976448358108,15.34,257.5243713724914,0.0,feedback_bias,8.966226228493927,19.69224390881346,21.17952088473631
S1_10_STEADY,yaw_course_bias_independent,classical,8.503408002678189,13.108517139430942,7.189070244489852,0.6429592692185423,15.34,257.5243713724914,0.0,feedback_bias,6.192062624243756,12.1202285516702,13.108517139430942
S1_10_STEADY,yaw_course_bias_independent,hybrid,13.697168232534509,21.115012296399,11.006486202055738,0.838255256337896,15.34,257.5243713724914,0.0,feedback_bias,8.947383544352649,19.64826191231928,21.115012296399
S1_30_TURNING,baseline,classical,23.61495396102562,47.44830410489791,47.54219238615131,6.041389168435623,13.71,237.76938500735685,0.0,feedback_bias,42.72462964613108,78.16879765833829,79.04291504134953
S1_30_TURNING,baseline,hybrid,18.57061492096701,37.31297489037021,37.083511098048014,4.48255519458749,13.71,237.76938500735685,0.0,feedback_bias,33.92405733439967,57.21105101963151,58.12804193204917
S1_30_TURNING,independent_prior,classical,23.61495396102562,47.44830410489791,47.54219238615131,6.041389168435623,13.71,237.76938500735685,0.0,feedback_bias,42.72462964613108,78.16879765833829,79.04291504134953
S1_30_TURNING,independent_prior,hybrid,18.523464053489043,37.21823709403164,37.56446154060554,4.538690569994714,13.71,237.76938500735685,0.0,feedback_bias,34.24617054047514,58.45414661029447,59.47383336777458
S1_30_TURNING,yaw_course_bias,classical,12.21563010170103,24.5442329828401,39.50408636879622,6.041389168435623,13.71,260.1952201757062,0.0,feedback_bias,33.972646505619004,67.11637859149113,67.79895109685263
S1_30_TURNING,yaw_course_bias,hybrid,8.519447880844497,17.117685451485062,27.555998718136763,4.480945546040424,13.71,260.1952201757062,0.0,feedback_bias,24.332031510324192,44.021025617343824,44.816644069019695
S1_30_TURNING,yaw_course_bias_independent,classical,12.21563010170103,24.5442329828401,39.50408636879622,6.041389168435623,13.71,260.1952201757062,0.0,feedback_bias,33.972646505619004,67.11637859149113,67.79895109685263
S1_30_TURNING,yaw_course_bias_independent,hybrid,8.43830353827206,16.95464632597487,28.250380221247365,4.537367300884972,13.71,260.1952201757062,0.0,feedback_bias,24.86298409648909,45.61491439571854,46.309335509221285
S1_60_STOP_GO,baseline,classical,36.1817692456228,95.08349847285986,88.5664859861254,4.2682252169483865,10.42,153.13939893750435,0.0,feedback_bias,73.61214966779397,172.34159729371038,221.74580020826036
S1_60_STOP_GO,baseline,hybrid,28.23211351129181,74.19228462027947,54.15801438775572,1.7371018800183833,10.42,153.13939893750435,0.0,feedback_bias,49.57072974168119,74.02202317015441,74.19228462027947
S1_60_STOP_GO,independent_prior,classical,36.1817692456228,95.08349847285986,88.5664859861254,4.2682252169483865,10.42,153.13939893750435,0.0,feedback_bias,73.61214966779397,172.34159729371038,221.74580020826036
S1_60_STOP_GO,independent_prior,hybrid,24.734089437732354,64.99968918918248,46.86886969107347,2.120531182245484,10.42,153.13939893750435,0.0,feedback_bias,42.355733488997295,64.82598527576462,64.99968918918248
S1_60_STOP_GO,yaw_course_bias,classical,35.467325565670336,93.20598374740396,87.12888962066596,4.2682252169483865,10.42,159.81405192760377,0.0,feedback_bias,70.26720292709628,172.36198946932777,222.1874976822453
S1_60_STOP_GO,yaw_course_bias,hybrid,27.256659639090923,71.62885091591524,51.42495245773613,1.7371018800183833,10.42,159.81405192760377,0.0,feedback_bias,46.36245457032826,71.47888944851067,71.62885091591524
S1_60_STOP_GO,yaw_course_bias_independent,classical,35.467325565670336,93.20598374740396,87.12888962066596,4.2682252169483865,10.42,159.81405192760377,0.0,feedback_bias,70.26720292709628,172.36198946932777,222.1874976822453
S1_60_STOP_GO,yaw_course_bias_independent,hybrid,23.597850995153163,62.013723370696326,43.73680575086378,2.120531182245484,10.42,159.81405192760377,0.0,feedback_bias,38.45580877757647,61.8635668489574,62.013723370696326
S1_120_HIGHER_SPEED,baseline,classical,24.402149142257425,416.3946948531862,273.7472675400211,3.31681864667954,10.92,95.18599165403288,0.0,feedback_bias,250.4504415816284,387.7028591577192,416.3946948531862
S1_120_HIGHER_SPEED,baseline,hybrid,38.48029134946065,656.6220491855453,342.3351345547812,4.350487853550188,10.92,95.18599165403288,0.0,feedback_bias,287.87895388372084,620.4339109630959,656.6220491855453
S1_120_HIGHER_SPEED,independent_prior,classical,24.402149142257425,416.3946948531862,273.7472675400211,3.31681864667954,10.92,95.18599165403288,0.0,feedback_bias,250.4504415816284,387.7028591577192,416.3946948531862
S1_120_HIGHER_SPEED,independent_prior,hybrid,40.19044538302164,685.8038668527206,350.7242578626434,4.507194676955073,10.92,95.18599165403288,0.0,feedback_bias,293.34969401438,650.893371109702,685.8038668527206
S1_120_HIGHER_SPEED,yaw_course_bias,classical,20.92313710760513,357.0293436247169,219.74120675848025,3.31681864667954,10.92,121.26537114658414,0.0,feedback_bias,196.99662474048068,326.7247865834865,357.0293436247169
S1_120_HIGHER_SPEED,yaw_course_bias,hybrid,32.93172261305492,561.9420858594191,259.5305499569197,4.351800604716412,10.92,121.26537114658414,0.0,feedback_bias,197.85895881480545,523.332949683305,561.9420858594191
S1_120_HIGHER_SPEED,yaw_course_bias_independent,classical,20.92313710760513,357.0293436247169,219.74120675848025,3.31681864667954,10.92,121.26537114658414,0.0,feedback_bias,196.99662474048068,326.7247865834865,357.0293436247169
S1_120_HIGHER_SPEED,yaw_course_bias_independent,hybrid,34.68413248648336,591.8449509820787,269.0297043678111,4.517235668023343,10.92,121.26537114658414,0.0,feedback_bias,204.26214820946043,554.2910702355067,591.8449509820787
DEV_1120,baseline,classical,49.69757896436546,289.51081992088325,131.07088240352547,3.461221665764861,8.94,109.57773895314917,0.0,turn_constraint,,,
DEV_1120,baseline,hybrid,36.367922572719166,211.85955739205403,108.56053727049108,1.9113149292698528,8.94,109.57773895314917,0.0,turn_constraint,,,
DEV_1120,turn_constraint,classical,42.10045831559705,245.25416448823367,153.44764995804576,5.341137671928111,8.94,109.57773895314917,0.0,turn_constraint,,,
DEV_1120,turn_constraint,hybrid,37.2971340718285,217.2726336141362,134.7134929409376,4.324759226905876,8.94,109.57773895314917,0.0,turn_constraint,,,
DEV_1120,yaw_course_bias,classical,30.398096344684905,177.08262615959595,72.91640914117716,3.461221665764861,8.94,101.4650784876572,0.0,turn_constraint,,,
DEV_1120,yaw_course_bias,hybrid,16.29244567369883,94.91084684207854,55.941986560473424,1.956861201908571,8.94,101.4650784876572,0.0,turn_constraint,,,
DEV_1120,yaw_course_bias_turn_constraint,classical,37.97694946333284,221.2328649873864,141.85569072696413,5.3711071732260045,8.94,101.4650784876572,0.0,turn_constraint,,,
DEV_1120,yaw_course_bias_turn_constraint,hybrid,29.497034358841844,171.8335335527305,113.5321205666018,4.310043248589479,8.94,101.4650784876572,0.0,turn_constraint,,,
DEV_2020,baseline,classical,246.61315707673853,1275.969215524684,704.8031185542454,30.86428718248516,13.54,287.2610061914395,0.0,turn_constraint,,,
DEV_2020,baseline,hybrid,10.167402655039549,52.60584205423195,49.20439446122603,5.4245240194267605,13.54,287.2610061914395,0.0,turn_constraint,,,
DEV_2020,turn_constraint,classical,47.14515057907632,243.9276213533833,146.25697361207622,3.703183478370982,13.54,287.2610061914395,0.0,turn_constraint,,,
DEV_2020,turn_constraint,hybrid,44.15084233435102,228.4351586342415,135.80635612919605,3.472776408643952,13.54,287.2610061914395,0.0,turn_constraint,,,
DEV_2020,yaw_course_bias,classical,252.6028253242741,1306.9595827283404,711.0807120717897,30.86428718248516,13.54,288.0752209992774,0.0,turn_constraint,,,
DEV_2020,yaw_course_bias,hybrid,14.63259364692316,75.70860881094941,59.82803853620234,5.446563492339822,13.54,288.0752209992774,0.0,turn_constraint,,,
DEV_2020,yaw_course_bias_turn_constraint,classical,47.209787442055145,244.26205057981508,147.02532836616226,3.789306492138763,13.54,288.0752209992774,0.0,turn_constraint,,,
DEV_2020,yaw_course_bias_turn_constraint,hybrid,44.12392442976015,228.29588618823124,136.16449799464155,3.5298938120617094,13.54,288.0752209992774,0.0,turn_constraint,,,
DEV_4000,baseline,classical,41.0241116509107,130.52936848011188,110.01904381262158,3.941838419004185,6.01,20.322177727017674,0.0,turn_constraint,,,
DEV_4000,baseline,hybrid,37.02187574238851,117.79516645538064,78.41496601211334,4.677656436643384,6.01,20.322177727017674,0.0,turn_constraint,,,
DEV_4000,turn_constraint,classical,46.5539751089018,148.12413301992618,111.76199371163246,3.781603115214862,6.01,20.322177727017674,0.0,turn_constraint,,,
DEV_4000,turn_constraint,hybrid,41.57834986072809,132.29282807993496,93.25559890370415,3.8479605957567498,6.01,20.322177727017674,0.0,turn_constraint,,,
DEV_4000,yaw_course_bias,classical,33.48276402715724,106.53452000675854,99.18048498772576,3.941838419004185,6.01,1.67,0.0,turn_constraint,,,
DEV_4000,yaw_course_bias,hybrid,11.467094846948433,36.48568094320933,29.40174134181904,4.677656436643384,6.01,1.67,0.0,turn_constraint,,,
DEV_4000,yaw_course_bias_turn_constraint,classical,43.69485743684574,139.0270725565701,107.27342612918127,3.781603115214862,6.01,1.67,0.0,turn_constraint,,,
DEV_4000,yaw_course_bias_turn_constraint,hybrid,36.94935299426846,117.56441560833964,85.11798758972769,3.8479605957567498,6.01,1.67,0.0,turn_constraint,,,
S1_10_STEADY,baseline,classical,21.38816784544645,32.97115282422737,18.645919201932337,0.6429592692185423,15.34,241.7100933059293,0.0,turn_constraint,,,
S1_10_STEADY,baseline,hybrid,22.65518470105594,34.924335849489,19.52096421611484,0.8329865802737234,15.34,241.7100933059293,0.0,turn_constraint,,,
S1_10_STEADY,turn_constraint,classical,38.958840375804,60.05740599977514,28.66452455445453,2.695151886525387,15.34,241.7100933059293,0.0,turn_constraint,,,
S1_10_STEADY,turn_constraint,hybrid,38.944997297605326,60.0360660584513,29.96834773823649,2.9181361558751022,15.34,241.7100933059293,0.0,turn_constraint,,,
S1_10_STEADY,yaw_course_bias,classical,8.503408002678189,13.108517139430942,7.189070244489852,0.6429592692185423,15.34,257.5243713724914,0.0,turn_constraint,,,
S1_10_STEADY,yaw_course_bias,hybrid,13.739014525328288,21.17952088473631,11.030701505009384,0.8432976448358108,15.34,257.5243713724914,0.0,turn_constraint,,,
S1_10_STEADY,yaw_course_bias_turn_constraint,classical,34.44029480346895,53.09179502808019,23.84750085535035,2.6108949795823717,15.34,257.5243713724914,0.0,turn_constraint,,,
S1_10_STEADY,yaw_course_bias_turn_constraint,hybrid,34.7473495059586,53.56513840159123,25.726126449162276,2.860673066591703,15.34,257.5243713724914,0.0,turn_constraint,,,
S1_30_TURNING,baseline,classical,23.61495396102562,47.44830410489791,47.54219238615131,6.041389168435623,13.71,237.76938500735685,0.0,turn_constraint,,,
S1_30_TURNING,baseline,hybrid,18.57061492096701,37.31297489037021,37.083511098048014,4.48255519458749,13.71,237.76938500735685,0.0,turn_constraint,,,
S1_30_TURNING,turn_constraint,classical,19.1959380965488,38.56940436500792,37.0733463096694,4.017259857236925,13.71,237.76938500735685,0.0,turn_constraint,,,
S1_30_TURNING,turn_constraint,hybrid,19.35318288302631,38.88534817163182,37.28003123812817,3.9820974607437294,13.71,237.76938500735685,0.0,turn_constraint,,,
S1_30_TURNING,yaw_course_bias,classical,12.21563010170103,24.5442329828401,39.50408636879622,6.041389168435623,13.71,260.1952201757062,0.0,turn_constraint,,,
S1_30_TURNING,yaw_course_bias,hybrid,8.519447880844497,17.117685451485062,27.555998718136763,4.480945546040424,13.71,260.1952201757062,0.0,turn_constraint,,,
S1_30_TURNING,yaw_course_bias_turn_constraint,classical,24.633217543126783,49.49424839012574,34.06175369841067,4.058663037552095,13.71,260.1952201757062,0.0,turn_constraint,,,
S1_30_TURNING,yaw_course_bias_turn_constraint,hybrid,24.975055892761684,50.18108648411323,34.58091143764877,4.024391540164713,13.71,260.1952201757062,0.0,turn_constraint,,,
S1_60_STOP_GO,baseline,classical,36.1817692456228,95.08349847285986,88.5664859861254,4.2682252169483865,10.42,153.13939893750435,0.0,turn_constraint,,,
S1_60_STOP_GO,baseline,hybrid,28.23211351129181,74.19228462027947,54.15801438775572,1.7371018800183833,10.42,153.13939893750435,0.0,turn_constraint,,,
S1_60_STOP_GO,turn_constraint,classical,24.289213326635466,63.83058171013871,65.35522531488648,4.777329088989439,10.42,153.13939893750435,0.0,turn_constraint,,,
S1_60_STOP_GO,turn_constraint,hybrid,22.740320522062003,59.76018521795775,50.7118076190021,3.7525604452590686,10.42,153.13939893750435,0.0,turn_constraint,,,
S1_60_STOP_GO,yaw_course_bias,classical,35.467325565670336,93.20598374740396,87.12888962066596,4.2682252169483865,10.42,159.81405192760377,0.0,turn_constraint,,,
S1_60_STOP_GO,yaw_course_bias,hybrid,27.256659639090923,71.62885091591524,51.42495245773613,1.7371018800183833,10.42,159.81405192760377,0.0,turn_constraint,,,
S1_60_STOP_GO,yaw_course_bias_turn_constraint,classical,23.357552240218563,61.38223279480033,63.92297378579055,4.777329088989439,10.42,159.81405192760377,0.0,turn_constraint,,,
S1_60_STOP_GO,yaw_course_bias_turn_constraint,hybrid,21.75067587873485,57.15945902644197,48.64288785224058,3.7525604452590686,10.42,159.81405192760377,0.0,turn_constraint,,,
S1_120_HIGHER_SPEED,baseline,classical,24.402149142257425,416.3946948531862,273.7472675400211,3.31681864667954,10.92,95.18599165403288,0.0,turn_constraint,,,
S1_120_HIGHER_SPEED,baseline,hybrid,38.48029134946065,656.6220491855453,342.3351345547812,4.350487853550188,10.92,95.18599165403288,0.0,turn_constraint,,,
S1_120_HIGHER_SPEED,turn_constraint,classical,59.38994753780196,1013.4213563806642,513.7109807236607,8.505254603924307,10.92,95.18599165403288,0.0,turn_constraint,,,
S1_120_HIGHER_SPEED,turn_constraint,hybrid,53.419981500495474,911.550731301854,467.7147655645463,7.572202266621646,10.92,95.18599165403288,0.0,turn_constraint,,,
S1_120_HIGHER_SPEED,yaw_course_bias,classical,20.92313710760513,357.0293436247169,219.74120675848025,3.31681864667954,10.92,121.26537114658414,0.0,turn_constraint,,,
S1_120_HIGHER_SPEED,yaw_course_bias,hybrid,32.93172261305492,561.9420858594191,259.5305499569197,4.351800604716412,10.92,121.26537114658414,0.0,turn_constraint,,,
S1_120_HIGHER_SPEED,yaw_course_bias_turn_constraint,classical,56.06205521276927,956.6346897183174,479.5114083485981,8.713096772400798,10.92,121.26537114658414,0.0,turn_constraint,,,
S1_120_HIGHER_SPEED,yaw_course_bias_turn_constraint,hybrid,49.97523628654683,852.7701040772953,428.82509930871714,7.695332175860888,10.92,121.26537114658414,0.0,turn_constraint,,,
