scenario,estimator,reference_speed_bin,n,mae,rmse,p95,bias,correlation
S1_10_STEADY,classical,all,100,0.6429592692185423,0.8163445014694968,1.8340819635585546,0.5772048393061004,-0.8280973359369987
S1_10_STEADY,classical,over_10,100,0.6429592692185423,0.8163445014694968,1.8340819635585546,0.5772048393061004,-0.8280973359369987
S1_10_STEADY,baseline_hybrid,all,100,0.8329865802737237,1.0284282308392292,1.6869197064595107,-0.8172694098875007,0.712950008275855
S1_10_STEADY,baseline_hybrid,over_10,100,0.8329865802737237,1.0284282308392292,1.6869197064595107,-0.8172694098875007,0.712950008275855
S1_10_STEADY,candidate_hybrid,all,100,0.8432976448358108,1.0396004005005186,1.6987719383094892,-0.8279951485934057,0.7147518813036583
S1_10_STEADY,candidate_hybrid,over_10,100,0.8432976448358108,1.0396004005005186,1.6987719383094892,-0.8279951485934057,0.7147518813036583
S1_30_TURNING,classical,all,299,6.0413891684356225,6.815690106315672,12.307707594814712,2.2814759066400385,-0.0484572605313901
S1_30_TURNING,classical,2_to_10,295,6.073599218287366,6.848354336638729,12.33331577193723,2.262704081755569,-0.10465450274397982
S1_30_TURNING,classical,over_10,4,3.6658979918696253,3.679283406001804,4.0508671370144445,3.6658979918696253,-0.9873279219561082
S1_30_TURNING,baseline_hybrid,all,299,4.48255519458749,5.384851956106198,10.871216827686174,0.3041819690863934,0.2027157213415419
S1_30_TURNING,baseline_hybrid,2_to_10,295,4.493628512590444,5.404280801847241,10.878203693868896,0.25859937894695934,0.15305345747963134
S1_30_TURNING,baseline_hybrid,over_10,4,3.6658979918696253,3.679283406001804,4.0508671370144445,3.6658979918696253,-0.9873279219561082
S1_30_TURNING,candidate_hybrid,all,299,4.480945546040424,5.384107284460909,10.870951631292453,0.3082795561481206,0.20249020536566398
S1_30_TURNING,candidate_hybrid,2_to_10,295,4.491997038300366,5.40352874609032,10.877935875979636,0.26275252651121844,0.15282302384376045
S1_30_TURNING,candidate_hybrid,over_10,4,3.6658979918696253,3.679283406001804,4.0508671370144445,3.6658979918696253,-0.9873279219561082
S1_60_STOP_GO,classical,all,600,4.2682252169483865,7.199085360777068,16.081861426528096,3.733372433853629,0.5358761692516409
S1_60_STOP_GO,classical,under_2,356,4.4245261199981005,8.050874316023144,16.619696483512158,4.408432174929437,0.5822716473471676
S1_60_STOP_GO,classical,2_to_10,84,8.81044741416396,9.430924351546869,13.504275611778148,8.81044741416396,-0.5051329800683617
S1_60_STOP_GO,classical,over_10,160,1.5357890541245982,1.8544548571137316,3.4996419994683294,-0.43409985470296764,-0.6400124689822558
S1_60_STOP_GO,baseline_hybrid,all,600,1.7371018800183833,2.6019947622035136,5.6295198079514766,0.8427204967982209,0.9042519940478456
S1_60_STOP_GO,baseline_hybrid,under_2,356,1.4224267005887177,2.6245106979737947,5.900696603462959,1.40634140164739,0.6704584691130886
S1_60_STOP_GO,baseline_hybrid,2_to_10,84,3.2200621037378476,3.5224225339628696,4.837636879392585,3.2186519640467757,0.9356672387231261
S1_60_STOP_GO,baseline_hybrid,over_10,160,1.6587000367966709,1.883897693484831,3.4996419994683294,-1.6587000367966709,0.5790409785622636
S1_60_STOP_GO,candidate_hybrid,all,600,1.7371018800183833,2.6019947622035136,5.6295198079514766,0.8427204967982209,0.9042519940478456
S1_60_STOP_GO,candidate_hybrid,under_2,356,1.4224267005887177,2.6245106979737947,5.900696603462959,1.40634140164739,0.6704584691130886
S1_60_STOP_GO,candidate_hybrid,2_to_10,84,3.2200621037378476,3.5224225339628696,4.837636879392585,3.2186519640467757,0.9356672387231261
S1_60_STOP_GO,candidate_hybrid,over_10,160,1.6587000367966709,1.883897693484831,3.4996419994683294,-1.6587000367966709,0.5790409785622636
S1_120_HIGHER_SPEED,classical,all,1200,3.31681864667954,3.894476622440912,7.273761837818003,-3.3157184846853776,0.9172296330313696
S1_120_HIGHER_SPEED,classical,2_to_10,113,6.318521164820442,6.39328579493739,8.329849527062049,-6.318521164820442,0.5866361538465541
S1_120_HIGHER_SPEED,classical,over_10,1087,3.0047741346740926,3.53476155003805,7.125638105478555,-3.003559604413747,0.8334592471524863
S1_120_HIGHER_SPEED,baseline_hybrid,all,1200,4.350487853550188,5.099345244002694,10.463483415938027,-4.004239435789884,0.4376503222155924
S1_120_HIGHER_SPEED,baseline_hybrid,2_to_10,113,2.5478358811995316,3.23267644802066,5.831273287707737,-1.973369574707547,0.005050698954619023
S1_120_HIGHER_SPEED,baseline_hybrid,over_10,1087,4.537884056747633,5.255488569924169,10.549204585557904,-4.215360221716567,0.06996765432711108
S1_120_HIGHER_SPEED,candidate_hybrid,all,1200,4.351800604716412,5.1050161116631765,10.461649826288355,-4.004900059909742,0.4361775459490801
S1_120_HIGHER_SPEED,candidate_hybrid,2_to_10,113,2.5484118152176274,3.2408813548865503,5.845884725476021,-1.9907885025811243,0.009963783726134568
S1_120_HIGHER_SPEED,candidate_hybrid,over_10,1087,4.53927340436072,5.261038087346746,10.573016785267106,-4.214278722263131,0.06669273754141437
