scenario,standard,duration_s,candidate,drift_pct,final_error_m,speed_mae_mps,under_10_pct
DEV_1120.0,False,60.0,deployed_baseline,36.367922572719166,211.85955739205403,1.9113149292698532,False
DEV_1120.0,False,60.0,course_anchor_frozen_gru,16.29244567369883,94.91084684207854,1.956861201908571,False
DEV_1120.0,False,60.0,direct_speed_gru,17.478829123729625,101.82206570860039,1.6620078092364805,False
DEV_1120.0,False,60.0,direct_imu_gru,16.59535795013763,96.67544751968457,1.7224320395368247,False
DEV_2020.0,False,60.0,deployed_baseline,10.167402655039549,52.60584205423195,5.4245240194267605,False
DEV_2020.0,False,60.0,course_anchor_frozen_gru,14.632593646923159,75.70860881094941,5.446563492339822,False
DEV_2020.0,False,60.0,direct_speed_gru,12.426607409494574,64.29490095288031,3.37285867751295,False
DEV_2020.0,False,60.0,direct_imu_gru,11.798617931866538,61.045701880839474,3.1583270193217596,False
DEV_4000.0,False,60.0,deployed_baseline,37.02187574238851,117.79516645538064,4.6776564366433835,False
DEV_4000.0,False,60.0,course_anchor_frozen_gru,11.467094846948433,36.485680943209324,4.6776564366433835,False
DEV_4000.0,False,60.0,direct_speed_gru,8.960097881766181,28.508988274483812,2.3305041084411062,True
DEV_4000.0,False,60.0,direct_imu_gru,6.96094684884175,22.14814555729126,2.7668563853119648,True
S1_10_STEADY,True,10.0,deployed_baseline,22.65518470105594,34.924335849489,0.8329865802737234,False
S1_10_STEADY,True,10.0,course_anchor_frozen_gru,13.739014525328288,21.17952088473631,0.8432976448358108,False
S1_10_STEADY,True,10.0,direct_speed_gru,20.11156171866632,31.003187358154317,1.76262735188424,False
S1_10_STEADY,True,10.0,direct_imu_gru,26.09513208650325,40.22722255640398,2.321287457404428,False
S1_30_TURNING,True,30.0,deployed_baseline,18.57061492096701,37.31297489037021,4.48255519458749,False
S1_30_TURNING,True,30.0,course_anchor_frozen_gru,8.519447880844497,17.117685451485062,4.480945546040424,True
S1_30_TURNING,True,30.0,direct_speed_gru,6.028480583362987,12.11271385419446,4.154353090468896,True
S1_30_TURNING,True,30.0,direct_imu_gru,3.740094117498114,7.5147774313205975,3.9942215453808085,True
S1_60_STOP_GO,True,60.0,deployed_baseline,28.23211351129181,74.19228462027947,1.7371018800183833,False
S1_60_STOP_GO,True,60.0,course_anchor_frozen_gru,27.256659639090923,71.62885091591524,1.7371018800183833,False
S1_60_STOP_GO,True,60.0,direct_speed_gru,8.703472985541174,22.872199938907006,1.5992509207889058,True
S1_60_STOP_GO,True,60.0,direct_imu_gru,6.606401000075401,17.361221756113068,1.3535016030374443,True
S1_120_HIGHER_SPEED,True,120.0,deployed_baseline,38.48029134946065,656.6220491855453,4.350487853550188,False
S1_120_HIGHER_SPEED,True,120.0,course_anchor_frozen_gru,32.931722613054916,561.9420858594191,4.351800604716412,False
S1_120_HIGHER_SPEED,True,120.0,direct_speed_gru,30.967372066031047,528.4226961595893,4.8526071353472355,False
S1_120_HIGHER_SPEED,True,120.0,direct_imu_gru,30.904628881142326,527.352055652741,4.809479421175326,False
