elapsed_s,time_since_start_ms,timestamp_local,accelerometer_x_mps2,accelerometer_y_mps2,accelerometer_z_mps2,gravity_x_mps2,gravity_y_mps2,gravity_z_mps2,gyroscope_x_radps,gyroscope_y_radps,gyroscope_z_radps,magnetic_field_x_ut,magnetic_field_y_ut,magnetic_field_z_ut,orientation_azimuth_deg,orientation_pitch_deg,orientation_roll_deg,gnss_available
4850.1,4853022,2019-09-08 11:28:39.646,-0.1669999999999999,-0.1715,9.9248,-0.0028,-0.0043,9.8066,0.0111,-0.0356,0.0188,1.5,-31.81,12.06,52.49,-81.32,-155.77,False
4850.199,4853121,2019-09-08 11:28:39.745,-0.2287,-0.2257,9.7343,0.0005,0.0079,9.8066,0.0148,-0.0143,0.0114,1.69,-32.81,12.38,53.65,-81.3,-155.57,False
4850.3,4853222,2019-09-08 11:28:39.846,-0.1912,0.0207,9.7831,0.0035,0.0057,9.8066,0.0027,-0.0387,0.0076,1.69,-32.0,13.5,48.01,-81.32,-155.25,False
4850.399,4853321,2019-09-08 11:28:39.945,-0.4805,-0.2806,9.9202,-0.0024,-0.0018,9.8065,-0.0055,-0.035,0.0108,1.81,-32.06,12.0,53.47,-81.3,-155.11,False
4850.499,4853421,2019-09-08 11:28:40.045,-0.2046,-0.0874,9.8519,-0.0019,-0.0053,9.8065,-0.0291,-0.0563,-0.004,1.25,-32.0,12.38,47.25,-81.28,-155.17,False
4850.599,4853521,2019-09-08 11:28:40.145,-0.2577,-0.0239,9.8355,-0.0004,0.0035,9.8066,0.0139999999999999,-0.0426,0.0023,1.0,-32.44,12.31,47.2,-81.29,-155.18,False
4850.699,4853621,2019-09-08 11:28:40.245,-0.3379,-0.3478,9.7914,0.0018,0.0023,9.8066,-0.006,-0.067,0.004,0.94,-31.69,12.75,44.98,-81.29,-155.06,False
4850.799,4853721,2019-09-08 11:28:40.345,-0.3879999999999999,-0.3466,9.8789,-0.0022,-0.0003,9.8066,-0.0048,-0.0707,0.0172,1.38,-32.44,12.75,45.11,-81.28,-154.99,False
4850.9,4853822,2019-09-08 11:28:40.446,-0.5297,-0.4482,9.8523,0.0015,-0.002,9.8066,0.0002,-0.0863,0.0159,1.19,-32.56,10.81,51.38,-81.27,-155.06,False
4851.0,4853922,2019-09-08 11:28:40.546,-0.1331,-0.2019,9.7703,0.0015,0.0029,9.8066,0.0078,-0.1034,0.0256,3.06,-32.25,9.5,67.51,-81.26,-155.18,False
4851.099,4854021,2019-09-08 11:28:40.645,0.0304,0.0764,9.9059,0.0028,-0.0012,9.8066,0.0145,-0.1027,0.0049,2.69,-32.5,9.56,67.48,-81.26,-155.2,False
4851.2,4854122,2019-09-08 11:28:40.746,-0.0942,0.0589,9.8571,0.0002,-0.0033,9.8066,-0.012,-0.1023,0.0098,2.56,-32.81,9.0,74.18,-81.24,-155.43,False
4851.299,4854221,2019-09-08 11:28:40.845,-0.0015,0.2376,9.9808,-0.003,-0.0009,9.8066,-0.0196,-0.126,0.0089,2.25,-32.19,8.63,66.84,-81.23,-155.38,False
4851.399,4854321,2019-09-08 11:28:40.945,-0.201,-0.1049,9.9412,-0.0034,-0.0009,9.8066,-0.0069,-0.1228,0.0138,2.5,-32.44,9.13,73.13,-81.22,-155.36,False
4851.499,4854421,2019-09-08 11:28:41.045,-0.5076,-0.1932,9.9889,-0.0022,-0.0014,9.8066,-0.0013,-0.1226,0.0141,2.44,-33.19,9.06,68.29,-81.18,-155.47,False
4851.6,4854522,2019-09-08 11:28:41.146,-0.5888,-0.1783,9.9002,-0.0035,-0.0031,9.8066,-0.0105,-0.1365,0.0116,2.0,-33.12,8.69,68.35,-81.16,-155.5,False
4851.699,4854621,2019-09-08 11:28:41.245,-0.6092,-0.0186,9.8659,-0.0027,-0.0054,9.8066,-0.0117,-0.1512,0.0178,2.63,-32.81,8.44,81.45,-81.13,-155.78,False
4851.799,4854721,2019-09-08 11:28:41.345,-0.5482,0.0965,9.8617,-0.0024,0.0001,9.8066,-0.0055,-0.1491,0.0176,2.38,-33.5,7.81,75.84,-81.09,-155.79,False
4851.899,4854821,2019-09-08 11:28:41.445,-0.4464,-0.0671,9.8157,-0.0028,-0.0007,9.8066,0.0069999999999999,-0.1506,0.0168,2.81,-33.37,7.56,81.63,-81.07,-155.9,False
4851.999,4854921,2019-09-08 11:28:41.545,-0.6186,0.0906,10.1152,-0.0069,-0.0018,9.8066,-0.0345,-0.1841,0.0355,2.69,-33.12,7.25,90.26,-81.05,-155.95,False
4852.1,4855022,2019-09-08 11:28:41.646,-0.4247,0.1874,9.909,-0.0052,-0.0022,9.8065,-0.0375,-0.1909,0.0317,2.06,-33.19,6.63,85.79,-80.98,-156.06,False
4852.2,4855122,2019-09-08 11:28:41.746,-0.6852,0.1621,9.7539,-0.0015,-0.0024,9.8066,0.0061,-0.1967,0.0317,1.69,-33.12,6.63,85.85,-80.96,-156.12,False
4852.3,4855222,2019-09-08 11:28:41.846,-0.7849,-0.0502,9.9402,-0.0018,-0.0011,9.8066,0.0086,-0.2126,0.0323,1.88,-32.94,6.19,97.64,-80.93,-156.33,False
4852.4,4855322,2019-09-08 11:28:41.946,-0.5265,0.4872,9.8535,-0.0036,0.0004,9.8066,-0.0152,-0.2463,0.0431,1.88,-32.62,5.69,98.19,-80.86,-156.35,False
4852.499,4855421,2019-09-08 11:28:42.045,-0.7176,0.3552,9.783,-0.002,0.0013,9.8066,-0.0092,-0.2535,0.0372,1.88,-33.25,5.38,111.85,-80.82,-156.28,False
4852.599,4855521,2019-09-08 11:28:42.145,-0.7551,0.6036,9.8399,-0.0026,0.0004,9.8066,-0.01,-0.2751,0.0485,1.44,-33.44,4.88,111.67,-80.78,-156.33,False
4852.699,4855621,2019-09-08 11:28:42.245,-1.0419,0.6728,9.872,-0.005,-0.0003,9.8066,-0.0057,-0.2741,0.0323,1.13,-32.81,5.13,111.95,-80.75,-156.45,False
4852.799,4855721,2019-09-08 11:28:42.345,-0.1591,0.3965,9.9381,0.0055,-0.0019,9.8066,0.008,-0.31,0.0671,0.44,-32.94,4.63,111.66,-80.73,-156.7,False
4852.9,4855822,2019-09-08 11:28:42.446,-0.4561,0.9357,9.7911,0.0021,-0.0012,9.8066,-0.0221,-0.3129,0.0449,0.94,-33.0,3.31,144.9,-80.72,-156.71,False
4853.0,4855922,2019-09-08 11:28:42.546,0.1081,0.4897,9.8182,-0.0035,-0.001,9.8066,-0.0043,-0.3467,0.0671,0.06,-33.0,3.56,137.52,-80.68,-156.97,False
4853.099,4856021,2019-09-08 11:28:42.645,0.2619,1.0888,9.9931,-0.0013,0.0011,9.8066,-0.0039,-0.3517,0.0558,-0.69,-33.0,2.44,182.51,-80.66,-156.98,False
4853.199,4856121,2019-09-08 11:28:42.745,0.7861,0.6781,9.9817,-0.003,-0.0047,9.8066,-0.016,-0.3562,0.0299,-1.44,-32.94,2.13,182.78,-80.63,-157.39,False
4853.299,4856221,2019-09-08 11:28:42.845,0.8069,0.0847,9.7849,-0.0037,-0.0045,9.8066,-0.0141,-0.3835,0.048,-1.31,-33.0,1.5,183.18,-80.65,-157.94,False
4853.399,4856321,2019-09-08 11:28:42.945,0.4968,0.3429,9.7749,-0.006,0.0034,9.8066,-0.0278,-0.3986,0.0593,-1.5,-33.44,1.13,187.81,-80.62,-158.42,False
4853.5,4856422,2019-09-08 11:28:43.046,0.5607,0.1417,9.8217,-0.0058,0.0035,9.8065,-0.055,-0.3906,0.0365,-1.37,-33.0,0.88,187.94,-80.6,-158.94,False
4853.6,4856522,2019-09-08 11:28:43.146,0.4075,-0.4076,9.7836,0.0018,-0.0036,9.8066,-0.0162,-0.3931,0.0544,-2.31,-33.62,0.44,201.18,-80.65,-159.1,False
4853.699,4856621,2019-09-08 11:28:43.245,0.5884,-0.6264,9.7689,-0.0012,-0.0015,9.8066,-0.0264,-0.4075,0.0674,-2.69,-33.19,-0.12,212.94,-80.61,-159.08,False
4853.8,4856722,2019-09-08 11:28:43.346,0.2218,-0.5749,9.624,0.0025,-0.0031,9.8065,-0.0304,-0.3835,0.0412,-3.62,-33.44,-0.31,223.29,-80.62,-158.99,False
4853.899,4856821,2019-09-08 11:28:43.445,0.3253,-0.9907,9.9549,0.0044,-0.0024,9.8066,-0.0268,-0.4085,0.0821,-4.37,-33.75,-0.5,222.18,-80.62,-158.82,False
4853.999,4856921,2019-09-08 11:28:43.545,0.4322,-0.7691,9.8698,-0.0045,-0.0012,9.8066,-0.0381,-0.3526,0.0343,-3.94,-33.69,-1.56,216.84,-80.62,-158.67,False
4854.099,4857021,2019-09-08 11:28:43.645,0.2626,-0.8015,9.9383,0.0005,0.0027,9.8066,-0.0177,-0.3738,0.0511,-4.87,-33.56,-2.0,223.88,-80.64,-158.95,False
4854.2,4857122,2019-09-08 11:28:43.746,-0.114,-0.6878,9.8231,-0.0052,0.0081,9.8066,-0.0219,-0.3488,0.0335,-5.44,-32.87,-2.06,224.33,-80.63,-159.69,False
4854.299,4857221,2019-09-08 11:28:43.845,-0.3135,-0.7942,9.9631,-0.0052,0.0061,9.8066,-0.0398,-0.3382,0.0154,-6.31,-33.37,-2.5,230.46,-80.64,-160.2,False
4854.399,4857321,2019-09-08 11:28:43.945,-0.2015,-0.6163,9.7974,-0.0079,0.0031,9.8066,-0.0194,-0.3444,0.0354,-6.75,-33.31,-2.94,232.32,-80.68,-160.8,False
4854.499,4857421,2019-09-08 11:28:44.045,-0.0146,-0.6752,9.8768,-0.0054,0.0038,9.8065,-0.0193,-0.3429999999999999,0.0421,-7.25,-32.94,-2.56,231.92,-80.71,-161.53,False
4854.599,4857521,2019-09-08 11:28:44.145,-0.0884,-0.4629,9.9355,0.0004,0.0093,9.8066,-0.0101,-0.3475,0.0416,-7.25,-33.44,-3.56,228.69,-80.71,-161.95,False
4854.699,4857621,2019-09-08 11:28:44.245,0.055,-0.5277,9.9308,-0.0036,0.0076,9.8066,-0.0112,-0.3281,0.0457,-7.94,-32.62,-3.37,235.66,-80.68,-162.72,False
4854.799,4857721,2019-09-08 11:28:44.345,-0.3035,-0.5196,9.7229,-0.0065,0.0003,9.8066,0.0049,-0.3145,0.0451,-8.25,-33.56,-3.25,234.6,-80.71,-163.34,False
4854.899,4857821,2019-09-08 11:28:44.445,0.1853,-0.3204,9.8691,-0.0037,-0.0003,9.8066,0.0161,-0.3051,0.0448,-9.0,-33.0,-3.12,239.23,-80.72,-163.53,False
4855.0,4857922,2019-09-08 11:28:44.546,-0.1537,-0.6328,10.0151,0.0042,0.0083,9.8066,-0.0088,-0.3202,0.0522,-9.37,-33.5,-3.56,235.6,-80.66,-163.87,False
4855.099,4858021,2019-09-08 11:28:44.645,0.5035,-0.4276,9.7019,-0.0019,-0.0045,9.8066,-0.0202,-0.3412,0.0608,-10.06,-33.75,-3.81,238.5,-80.68,-163.94,False
4855.199,4858121,2019-09-08 11:28:44.745,0.6254,-0.0223,9.8027,-0.0033,-0.0075,9.8066,0.0145,-0.3492,0.0604,-10.44,-33.37,-4.56,236.3,-80.68,-163.81,False
4855.299,4858221,2019-09-08 11:28:44.845,0.8859,-0.1879,10.0532,0.0036,0.0084,9.8066,0.0001,-0.3726,0.0509,-10.19,-33.19,-4.12,239.1,-80.64,-163.86,False
4855.399,4858321,2019-09-08 11:28:44.945,0.4085,-0.4867,9.9665,-0.0042,0.0026,9.8066,-0.0293,-0.3567,0.0198,-11.56,-33.75,-4.62,241.37,-80.66,-164.23,False
4855.5,4858422,2019-09-08 11:28:45.046,0.643,-0.5542,9.9961,0.0014,-0.0035,9.8066,-0.0112,-0.4123,0.0684,-12.0,-33.0,-4.62,242.23,-80.75,-164.07,False
4855.6,4858522,2019-09-08 11:28:45.146,0.3607,-0.8829,10.0474,0.0045,0.0045,9.8066,-0.075,-0.3738,0.0627,-12.06,-33.25,-4.19,245.4,-80.83,-163.98,False
4855.7,4858622,2019-09-08 11:28:45.246,0.5281,-0.588,9.5446,-0.0155,-0.0111,9.8066,-0.0638,-0.3775,0.0641,-13.69,-32.37,-3.87,251.45,-81.04,-163.67,False
4855.799,4858721,2019-09-08 11:28:45.345,0.9092,-0.5169,9.8178,-0.0134,-0.0082,9.8066,-0.0264,-0.4011,0.0541,-13.69,-32.75,-4.75,248.37,-81.11,-163.42,False
4855.899,4858821,2019-09-08 11:28:45.445,0.2321,-0.7490000000000001,10.1111,-0.0031,0.001,9.8066,-0.0576,-0.4335,0.0496,-15.12,-32.37,-4.25,254.09,-81.2,-163.3,False
4855.999,4858921,2019-09-08 11:28:45.545,-0.1013,-1.0984,9.923,-0.0075,-0.0048,9.8065,-0.0541,-0.4248,0.0593,-15.37,-33.12,-5.0,251.03,-81.35,-163.29,False
4856.099,4859021,2019-09-08 11:28:45.645,-0.2488,-1.0334,9.7441,-0.0127,-0.0084,9.8066,-0.0627,-0.4274,0.0569,-16.5,-32.75,-4.62,253.41,-81.53,-163.11,False
4856.199,4859121,2019-09-08 11:28:45.745,-0.3828,-0.9008,9.7615,-0.0078,-0.0077,9.8066,-0.0361,-0.4181,0.0665,-16.56,-32.25,-4.87,256.43,-81.71,-162.52,False
4856.299,4859221,2019-09-08 11:28:45.845,-0.0026,-0.9151,9.6836,-0.0012,-0.0048,9.8066,-0.0083,-0.4202,0.0797,-17.44,-32.31,-5.25,257.04,-81.8,-162.02,False
4856.399,4859321,2019-09-08 11:28:45.945,-0.2242,-0.8816,9.7775,-0.0044,-0.0021,9.8066,-0.0644,-0.4081,0.0679,-17.25,-31.81,-5.0,257.29,-81.89,-161.91,False
4856.499,4859421,2019-09-08 11:28:46.045,-0.3217,-1.0758,9.8853,-0.0085,-0.0046,9.8066,-0.0526,-0.4188,0.0635,-18.56,-32.19,-4.0,263.34,-81.93,-161.42,False
4856.6,4859522,2019-09-08 11:28:46.146,-0.2043,-1.071,9.9057,-0.0085,-0.0029,9.8066,-0.0195,-0.4053,0.0382,-19.87,-31.62,-4.75,262.46,-82.05,-161.17,False
4856.699,4859621,2019-09-08 11:28:46.245,-0.4863,-0.8062,9.8384,0.0026,0.0008,9.8066,-0.0014,-0.4032,0.0579,-20.37,-32.06,-4.75,262.54,-82.16,-161.26,False
4856.799,4859721,2019-09-08 11:28:46.345,-0.8761,-0.6995,9.9508,0.0007,0.001,9.8066,-0.0415,-0.3992,0.0697,-21.06,-31.81,-4.31,266.17,-82.19,-161.26,False
4856.899,4859821,2019-09-08 11:28:46.445,-0.7152,-0.6332,9.8149,-0.0057,-0.001,9.8065,-0.0321,-0.3879999999999999,0.0507,-21.37,-31.37,-4.12,266.67,-82.26,-161.23,False
4857.0,4859922,2019-09-08 11:28:46.546,-0.9829,-0.8269,9.9548,-0.0035,0.0033,9.8065,-0.008,-0.3711,0.0302,-21.87,-31.62,-3.37,269.64,-82.27,-161.32,False
4857.099,4860021,2019-09-08 11:28:46.645,-0.7954,-0.605,9.8798,0.0025,-0.0009,9.8066,-0.0131,-0.3738,0.0501,-22.5,-31.25,-3.5,269.95,-82.27,-161.36,False
4857.199,4860121,2019-09-08 11:28:46.745,-0.7815,-0.5357,9.8476,0.0042,-0.0008,9.8066,-0.0222,-0.3554,0.0474,-22.56,-31.31,-2.62,270.86,-82.26,-161.23,False
4857.3,4860222,2019-09-08 11:28:46.846,-1.0624,-0.3757,9.8568,-0.0031,-0.0011,9.8066,-0.0132,-0.3263,0.0415,-23.19,-31.69,-2.19,273.21,-82.32,-161.04,False
4857.4,4860322,2019-09-08 11:28:46.946,-1.0393,-0.3839,9.863,-0.0025,-0.0007,9.8066,-0.0171,-0.3064,0.0396,-23.31,-31.31,-2.37,273.69,-82.36,-160.95,False
4857.5,4860422,2019-09-08 11:28:47.046,-1.455,-0.2595,9.8246,-0.0016,0.0005,9.8066,0.0014,-0.278,0.0502,-24.31,-31.5,-1.69,274.28,-82.37,-161.02,False
4857.6,4860522,2019-09-08 11:28:47.146,-1.6169,-0.0915,9.8644,-0.0053,0.0017,9.8066,-0.0083,-0.2448,0.0378,-23.87,-31.31,-1.75,274.24,-82.43,-161.14,False
4857.7,4860622,2019-09-08 11:28:47.246,-1.5396,0.0643,9.931,0.0029,0.0025,9.8066,-0.0005,-0.2363,0.0354,-24.06,-31.62,-1.31,276.03,-82.46,-161.44,False
4857.8,4860722,2019-09-08 11:28:47.346,-1.778,0.1915,10.023,0.0008,0.0031,9.8066,0.0032,-0.1941,0.0128,-24.0,-30.94,-1.0,276.16,-82.48,-161.66,False
4857.9,4860822,2019-09-08 11:28:47.446,-1.599,0.1464,9.7082,-0.0037,-0.0005,9.8066,-0.0027,-0.1642,0.0186,-24.44,-30.94,-1.12,276.03,-82.49,-161.79,False
4857.999,4860921,2019-09-08 11:28:47.545,-1.5697,0.2,9.8528,-0.0022,-0.0013,9.8066,-0.0146,-0.1207,0.0132,-24.62,-30.56,-0.87,276.59,-82.5,-161.74,False
4858.099,4861021,2019-09-08 11:28:47.645,-1.7008,0.1774,9.8881,-0.0024,-0.0009,9.8066,-0.0162,-0.0926,0.0137,-24.81,-30.25,-0.81,277.03,-82.52,-161.64,False
4858.2,4861122,2019-09-08 11:28:47.746,-1.7241,0.0741,9.7443,-0.001,0.0003,9.8066,-0.0038,-0.0508,0.0027,-24.81,-31.12,-0.62,276.79,-82.54,-161.59,False
4858.299,4861221,2019-09-08 11:28:47.845,-1.5669,0.1311,9.7832,-0.0008,-0.0025,9.8066,0.0086,-0.0464,0.0173,-24.62,-31.19,-0.5,279.32,-82.56,-161.41,False
4858.399,4861321,2019-09-08 11:28:47.945,-1.1272,0.1384,9.9027,0.0003,-0.0023,9.8066,0.006,-0.0129,0.0123,-25.0,-31.12,-0.5,279.52,-82.56,-161.22,False
4858.499,4861421,2019-09-08 11:28:48.045,-0.7016,0.1184,9.8529,-0.0023,-0.0029,9.8065,-0.0055,-0.0017,0.0068,-25.19,-30.81,-0.25,279.71,-82.56,-161.03,False
4858.599,4861521,2019-09-08 11:28:48.145,-0.2711,-0.1346,9.9603,0.0031,-0.01,9.8066,-0.0037,-0.0058,0.0286,-25.37,-30.37,-0.12,280.75,-82.54,-160.28,False
4858.699,4861621,2019-09-08 11:28:48.245,0.1823,-0.3199,9.8987,0.005,-0.0064,9.8066,-0.0076,0.0017,0.0117,-25.31,-30.94,-0.37,281.01,-82.44,-159.6,False
4858.799,4861721,2019-09-08 11:28:48.345,-0.0603,-0.1129,9.7671,-0.0032,-0.0002,9.8065,0.0331,-0.0017,0.0009,-25.31,-30.44,0.31,281.52,-82.36,-159.32,False
4858.9,4861822,2019-09-08 11:28:48.446,-0.0339,0.0696,9.9534,0.0005,0.0051,9.8065,-0.011,0.0025,-0.0202,-26.31,-30.31,0.88,283.59,-82.39,-159.89,False
4859.0,4861922,2019-09-08 11:28:48.546,-0.1906,0.0173,9.9495,0.0018,0.0019,9.8066,0.0006,-0.0078,-0.0158,-26.81,-30.44,1.88,285.94,-82.41,-160.0,False
4859.1,4862022,2019-09-08 11:28:48.646,-0.1924,0.0919,9.9659,-0.0054,0.0013,9.8066,0.0006,-0.0007,-0.0001,-26.31,-30.5,1.44,283.33,-82.41,-160.17,False
4859.199,4862121,2019-09-08 11:28:48.745,-0.0081,-0.0139,9.7672,-0.0018,0.0014,9.8066,0.0059,-0.0037,-0.0121,-26.5,-30.31,0.81,283.28,-82.46,-160.28,False
4859.3,4862222,2019-09-08 11:28:48.846,-0.4759,0.0175,9.7869,0.0053,-0.0001,9.8066,0.0108,-0.0058,-0.0014,-27.06,-30.06,1.63,285.73,-82.49,-160.29,False
4859.399,4862321,2019-09-08 11:28:48.945,-0.7128,-0.0104,9.8303,0.0012,-0.0005,9.8066,0.0073,-0.0009,-0.0027,-26.5,-30.37,2.0,285.77,-82.5,-160.12,False
4859.499,4862421,2019-09-08 11:28:49.045,-0.7152,0.032,9.7804,-0.005,0.0032,9.8065,0.0199,-0.0067,-0.0069,-27.37,-30.37,2.0,285.93,-82.55,-160.17,False
4859.6,4862522,2019-09-08 11:28:49.146,-0.8526,0.0977,9.822,-0.0033,0.0026,9.8065,-0.0309,0.0011,-0.009,-27.0,-29.94,1.94,285.86,-82.58,-160.28,False
4859.699,4862621,2019-09-08 11:28:49.245,-1.2032,0.087,9.8496,-0.0105,-0.0023,9.8066,-0.0242,0.0221,0.0057,-27.19,-30.06,2.25,286.01,-82.64,-160.2,False
4859.799,4862721,2019-09-08 11:28:49.345,-0.6366,0.0,9.924,-0.0083,-0.0032,9.8066,0.0068,0.0168,-0.0016,-27.06,-30.44,1.75,286.73,-82.74,-159.61,False
4859.899,4862821,2019-09-08 11:28:49.445,-0.9214,-0.0359,9.9715,-0.0086,-0.0053,9.8066,-0.0055,0.0108,0.0042,-26.87,-30.37,1.56,287.29,-82.78,-159.12,False
4860.0,4862922,2019-09-08 11:28:49.546,-1.0424,-0.1987,9.7666,-0.0032,0.0011,9.8065,-0.0095,0.0301,0.0007,-25.94,-30.37,0.88,285.24,-82.84,-158.82,False
4860.099,4863021,2019-09-08 11:28:49.645,-1.3912,-0.2129,9.8457,-0.0045,0.0014,9.8066,-0.0118,0.0191,-0.002,-26.0,-30.69,0.5,285.05,-82.88,-158.79,False
4860.2,4863122,2019-09-08 11:28:49.746,-0.3398,-0.0905,9.8372,-0.0058,0.0007,9.8066,0.0056,0.0249,0.0035,-25.81,-30.81,0.75,285.16,-82.93,-158.73,False
4860.299,4863221,2019-09-08 11:28:49.845,-0.9964,-0.1126,9.8633,-0.0033,-0.0001,9.8066,-0.0273,0.0127,0.002,-26.19,-30.87,1.31,285.38,-82.99,-158.59,False
4860.4,4863322,2019-09-08 11:28:49.946,-2.3146,-0.3337,9.8715,-0.0077,-0.0025,9.8066,0.0028,0.0102,0.015,-25.87,-30.44,1.25,286.08,-83.02,-158.22,False
4860.499,4863421,2019-09-08 11:28:50.045,-0.6506,-0.4276,9.8329,-0.0048,-0.0059,9.8066,-0.0111,-0.009,0.0074,-25.75,-30.44,0.19,284.66,-83.05,-157.42,False
4860.599,4863521,2019-09-08 11:28:50.145,-0.9106,-0.3161,9.8734,0.0042,-0.0006,9.8066,0.0039,-0.0154,-0.0072,-25.06,-30.56,0.19,284.41,-83.05,-157.08,False
4860.7,4863622,2019-09-08 11:28:50.246,-0.469,-0.3143,9.7395,0.0056,0.0014,9.8066,0.0051,-0.0317,-0.0004,-25.44,-30.75,0.19,284.08,-82.98,-157.3,False
4860.8,4863722,2019-09-08 11:28:50.346,-0.2586,-0.0756,9.8711,0.0046,0.0023,9.8066,0.0104,-0.0457,0.0052,-25.25,-30.25,-0.19,284.21,-82.94,-157.41,False
4860.9,4863822,2019-09-08 11:28:50.446,0.0182,-0.2203,9.9696,0.0073,0.0004,9.8066,0.0047,-0.0689,0.0131,-25.5,-30.87,1.0,286.12,-82.93,-157.57,False
4860.999,4863921,2019-09-08 11:28:50.545,0.0888,-0.0576,9.8939,0.0019,-0.0005,9.8066,-0.0002,-0.0678,0.0109,-25.37,-30.12,0.81,286.24,-82.86,-157.65,False
4861.099,4864021,2019-09-08 11:28:50.645,0.2552,-0.0209,9.8254,0.0015,-0.0017,9.8066,0.0058,-0.0701,0.0101,-25.0,-30.0,0.5,286.24,-82.84,-157.62,False
4861.2,4864122,2019-09-08 11:28:50.746,0.3105,0.1666,9.8805,0.0022,-0.0008,9.8066,0.0117,-0.0764,0.0063,-25.5,-30.94,0.63,286.0,-82.82,-157.54,False
4861.299,4864221,2019-09-08 11:28:50.845,0.367,0.1224,9.8212,0.0034,0.0022,9.8066,0.0052,-0.0819999999999999,0.0061,-25.31,-30.31,1.06,286.04,-82.77,-157.73,False
4861.4,4864322,2019-09-08 11:28:50.946,0.5289,0.3326,9.8967,0.0025,0.0023,9.8066,0.003,-0.0791,0.0086,-25.5,-31.25,0.44,283.23,-82.74,-157.83,False
4861.5,4864422,2019-09-08 11:28:51.046,0.3137,0.2987,9.9271,0.003,0.0,9.8066,-0.0006,-0.0818,0.0096,-25.25,-30.62,0.31,282.96,-82.72,-158.06,False
4861.6,4864522,2019-09-08 11:28:51.146,0.4169,0.2311,9.9009,0.0017,0.0003,9.8066,-0.0074,-0.0762,0.0034,-25.94,-30.44,0.38,283.55,-82.71,-158.1,False
4861.699,4864621,2019-09-08 11:28:51.245,0.4653,0.3528,9.805,0.0018,-0.0011,9.8066,0.0031,-0.0749,0.0198,-25.87,-30.62,0.69,285.54,-82.7,-158.09,False
4861.8,4864722,2019-09-08 11:28:51.346,0.4817,0.2832,9.8667,-0.0018,0.0,9.8066,0.0126,-0.0572,0.0057,-25.75,-31.06,0.69,285.73,-82.71,-157.92,False
4861.899,4864821,2019-09-08 11:28:51.445,0.5366,0.2299,9.8811,-0.0006,-0.0009,9.8066,-0.0242,-0.0756,0.0027,-26.06,-30.94,0.31,283.49,-82.71,-157.88,False
4861.999,4864921,2019-09-08 11:28:51.545,0.3602,0.3504,9.9434,-0.003,-0.0006,9.8066,-0.0273,-0.0624,0.0018,-25.69,-30.56,1.31,285.95,-82.7,-157.7,False
4862.1,4865022,2019-09-08 11:28:51.646,0.4604,0.2915,9.8256,-0.0035,0.0,9.8066,-0.0004,-0.0656,-0.0007,-25.75,-30.75,1.5,288.26,-82.71,-157.71,False
4862.2,4865122,2019-09-08 11:28:51.746,0.4989,0.3392,9.8899,0.0009,-0.001,9.8066,0.0018,-0.0531,-0.0095,-26.69,-31.25,1.69,288.49,-82.69,-157.61,False
4862.299,4865221,2019-09-08 11:28:51.845,0.4973,0.3735,9.8563,0.0006,0.0001,9.8066,-0.0068,-0.0398,-0.0011,-26.19,-30.87,2.69,290.79,-82.7,-157.49,False
4862.399,4865321,2019-09-08 11:28:51.945,0.5049,0.3706,9.8684,-0.0016,-0.0015,9.8066,-0.0023,-0.0254,0.0133,-26.69,-30.87,2.38,288.83,-82.7,-157.29,False
4862.499,4865421,2019-09-08 11:28:52.045,0.4069,0.3311,9.8805,-0.0022,-0.0008,9.8066,0.0101,-0.0343,0.0176,-26.44,-30.94,2.38,288.9,-82.73,-157.11,False
4862.599,4865521,2019-09-08 11:28:52.145,0.4103,0.3155,9.8678,-0.0008,-0.0012,9.8066,0.0087,-0.0296,0.0147,-26.56,-31.12,2.31,289.18,-82.73,-156.99,False
4862.7,4865622,2019-09-08 11:28:52.246,0.1857,0.2396,10.0154,-0.0036,-0.0029,9.8066,0.01,-0.0184,0.0197,-26.75,-30.87,2.5,291.67,-82.75,-156.76,False
4862.799,4865721,2019-09-08 11:28:52.345,0.5033,0.0937,9.881,-0.0018,-0.0017,9.8066,0.0003,-0.0138,0.015,-26.56,-31.06,2.69,291.95,-82.74,-156.49,False
4862.899,4865821,2019-09-08 11:28:52.445,0.6119,0.091,9.8468,0.0004,-0.0009,9.8066,0.0077,-0.0004,0.0035,-27.31,-30.87,4.06,294.4,-82.74,-156.29,False
4862.999,4865921,2019-09-08 11:28:52.545,0.4595,0.1941,9.8612,-0.0006,0.0003,9.8066,0.0028,-0.008,0.0012,-28.06,-31.0,4.81,296.7,-82.75,-156.14,False
4863.099,4866021,2019-09-08 11:28:52.645,0.5918,0.0877,9.9184,-0.001,0.0001,9.8066,0.0129,0.0046,-0.0027,-27.94,-30.37,4.69,297.05,-82.77,-156.06,False
4863.199,4866121,2019-09-08 11:28:52.745,0.8576,0.0597,9.7819,0.0002,0.0,9.8066,0.0064,-0.0106,-0.0005,-27.62,-30.56,4.5,297.07,-82.81,-155.85,False
4863.299,4866221,2019-09-08 11:28:52.845,0.2452,0.109,9.9073,0.0026,0.0004,9.8066,-0.0013,0.0031,-0.0053,-27.87,-30.5,3.56,295.18,-82.8,-155.82,False
4863.399,4866321,2019-09-08 11:28:52.945,0.5112,0.087,9.849,-0.0035,-0.0008,9.8066,0.0029,-0.0079,-0.0032,-28.19,-30.62,3.81,295.17,-82.83,-155.62,False
4863.499,4866421,2019-09-08 11:28:53.045,0.765,-0.1176,9.859,-0.004,-0.0029,9.8066,0.0034,-0.0126,0.0129,-28.81,-30.81,5.0,297.64,-82.85,-155.24,False
4863.599,4866521,2019-09-08 11:28:53.145,0.6236,-0.1467,9.8611,-0.0029,-0.0024,9.8066,-0.0119,-0.0339,0.0109,-28.31,-30.25,4.94,298.27,-82.85,-154.99,False
4863.699,4866621,2019-09-08 11:28:53.245,0.7456,-0.12,9.8412,-0.0069999999999999,-0.0023,9.8066,0.0102,-0.0491,0.0119,-28.81,-30.44,4.56,298.73,-82.88,-154.47,False
4863.799,4866721,2019-09-08 11:28:53.345,1.0008,-0.2564,9.9567,0.004,-0.0034,9.8066,0.0145,-0.0556,0.0179,-28.31,-30.0,4.56,299.05,-82.88,-154.29,False
4863.899,4866821,2019-09-08 11:28:53.445,0.6197,-0.2219,9.7784,0.0005,-0.0039,9.8066,0.0135,-0.0713,0.0258,-28.0,-30.56,4.0,297.06,-82.86,-153.87,False
4864.0,4866922,2019-09-08 11:28:53.546,1.3031,-0.4342,9.8613,0.0024,-0.0059,9.8066,0.0136,-0.0988,0.0272,-27.75,-30.75,3.69,297.32,-82.82,-153.59,False
4864.099,4867021,2019-09-08 11:28:53.645,1.7573,-0.5954,9.9453,0.0031,-0.0071,9.8066,-0.0191,-0.1466,0.0274,-27.56,-30.12,4.38,297.98,-82.7,-153.08,False
4864.199,4867121,2019-09-08 11:28:53.745,1.7783,-0.8173,9.8059,0.0071,-0.0066,9.8066,0.0011,-0.1587,0.0289999999999999,-27.94,-29.87,4.13,298.17,-82.62,-152.82,False
4864.3,4867222,2019-09-08 11:28:53.846,2.4324,-0.9007,9.7789,0.0021,-0.0089,9.8066,0.0026,-0.2264,0.0495,-27.69,-30.31,4.31,298.64,-82.49,-152.24,False
4864.4,4867322,2019-09-08 11:28:53.946,1.8208,-1.1193,9.6688,-0.0071,-0.0076,9.8066,-0.0253,-0.2703,0.0605,-27.5,-29.75,4.63,301.98,-82.44,-151.24,False
4864.5,4867422,2019-09-08 11:28:54.046,2.4939,-1.368,10.0217,-0.0086,-0.008,9.8066,0.0125,-0.3216,0.0388,-27.31,-29.69,4.63,302.66,-82.41,-150.58,False
4864.6,4867522,2019-09-08 11:28:54.146,1.5787,-1.2017,10.1531,0.0151,-0.0102,9.8066,0.0193,-0.3469,0.0483,-27.56,-29.56,4.56,303.26,-82.38,-149.87,False
4864.7,4867622,2019-09-08 11:28:54.246,2.3344,-1.3935,10.0581,0.0201,-0.0092,9.8066,-0.0856,-0.3768,0.0448,-27.44,-29.44,5.31,304.04,-82.22,-149.36,False
4864.799,4867721,2019-09-08 11:28:54.345,1.2381,-1.2497,9.7735,-0.0195,-0.0051,9.8066,-0.092,-0.4125,0.0497,-27.81,-29.19,6.5,308.83,-82.15,-148.77,False
4864.9,4867822,2019-09-08 11:28:54.446,1.918,-1.4569,9.968,-0.0215,-0.0059,9.8066,0.025,-0.4661,0.0882,-28.19,-29.19,6.69,310.21,-82.13,-147.49,False
4864.999,4867921,2019-09-08 11:28:54.545,1.4476,-1.6054,10.0728,0.0227,-0.0136,9.8065,0.0149,-0.466,0.0892,-28.69,-29.56,8.06,311.87,-81.85,-147.19,False
4865.099,4868021,2019-09-08 11:28:54.645,0.9057,-1.3574,9.6016,0.0206,-0.0101,9.8065,-0.0275,-0.4239,0.0596,-29.19,-28.37,8.38,312.56,-81.75,-146.89,False
4865.2,4868122,2019-09-08 11:28:54.746,0.9426,-0.7336,9.6887,0.0022,0.0043,9.8066,0.0077,-0.4328,0.0541,-28.37,-28.75,9.56,316.77,-81.73,-147.05,False
4865.3,4868222,2019-09-08 11:28:54.846,1.2059,-0.7828,10.0932,0.004,-0.002,9.8066,-0.0999,-0.4289,0.065,-28.75,-28.31,10.06,315.93,-81.72,-147.53,False
4865.399,4868321,2019-09-08 11:28:54.945,0.7945,-0.5915,9.8598,0.0,-0.0043,9.8066,-0.0282,-0.3696,0.0573,-28.81,-28.5,11.69,319.87,-81.69,-147.53,False
4865.499,4868421,2019-09-08 11:28:55.045,1.0276,-1.3902,10.0011,0.016,-0.012,9.8065,-0.0217,-0.321,0.0413,-29.12,-28.62,12.0,319.84,-81.49,-147.24,False
4865.599,4868521,2019-09-08 11:28:55.145,0.7873,-1.0331,9.9275,-0.0035,-0.0069999999999999,9.8066,-0.0003,-0.3467,0.0903,-29.62,-28.12,12.31,319.92,-81.37,-146.73,False
4865.7,4868622,2019-09-08 11:28:55.246,1.2908,-1.0907,10.1167,0.0017,0.0,9.8066,0.0147,-0.3021,0.0692,-28.87,-27.56,12.63,322.15,-81.31,-146.97,False
4865.8,4868722,2019-09-08 11:28:55.346,1.6257,-0.6542,9.6218,0.0167,0.0006,9.8065,0.0023,-0.2578,0.0193,-28.87,-27.56,13.56,323.55,-81.24,-147.37,False
4865.9,4868822,2019-09-08 11:28:55.446,1.5084,-1.1795,9.9923,0.0127,0.0001,9.8066,0.0027,-0.1934,-0.0136,-28.87,-27.37,13.81,322.54,-81.12,-148.36,False
4865.999,4868921,2019-09-08 11:28:55.545,0.3294,0.2597,9.7251,-0.0012,0.0177,9.8066,0.0035,-0.2072,0.0405,-29.12,-27.31,15.19,324.02,-81.15,-148.7,False
4866.099,4869021,2019-09-08 11:28:55.645,1.1987,-0.5344,10.5849,0.0059,-0.0077,9.8065,-0.0088,-0.1466,0.0136,-29.31,-27.5,14.56,323.87,-81.25,-148.89,False
4866.2,4869122,2019-09-08 11:28:55.746,0.606,-0.4142,9.8001,-0.0051,0.0058,9.8066,0.0552,-0.1292,0.0224,-28.69,-27.44,14.75,323.48,-81.23,-149.23,False
4866.3,4869222,2019-09-08 11:28:55.846,1.2455,-0.2868,9.711,0.0031,-0.0011,9.8066,0.0866,-0.1146,-0.0199,-28.37,-27.19,14.94,323.39,-81.13,-149.95,False
4866.4,4869322,2019-09-08 11:28:55.946,1.6493,-0.6159,9.8928,0.018,0.0036,9.8066,-0.0611,-0.0666,-0.0238,-29.12,-27.75,14.94,320.7,-81.03,-151.42,False
4866.499,4869421,2019-09-08 11:28:56.045,1.7794,-0.6902,9.9053,-0.0035,0.0069999999999999,9.8066,-0.0226,-0.0709,0.0161,-28.94,-27.25,15.63,322.33,-81.1,-151.78,False
4866.599,4869521,2019-09-08 11:28:56.145,2.08,-0.3141,10.0754,0.0106,-0.005,9.8066,0.1169,-0.0366,0.0233,-28.56,-27.25,15.44,320.3,-81.08,-151.99,False
4866.699,4869621,2019-09-08 11:28:56.245,2.3054,-0.413,10.3606,-0.0004,-0.0008,9.8065,0.105,-0.064,0.0854,-28.81,-26.94,16.25,322.2,-81.01,-151.85,False
4866.799,4869721,2019-09-08 11:28:56.345,1.8565,-1.4563,9.7623,0.0196,-0.0231,9.8065,-0.2427,-0.0223,0.0038,-29.12,-27.0,15.94,322.78,-81.06,-151.36,False
4866.899,4869821,2019-09-08 11:28:56.445,0.9301,-0.7813,9.8855,0.037,-0.0263,9.8065,-0.2525,-0.0697,-0.0484,-28.69,-27.06,15.81,322.8,-80.84,-151.22,False
4866.999,4869921,2019-09-08 11:28:56.545,1.3799,0.1404,9.1454,-0.0571,0.0247,9.8064,0.1759,-0.0384,-0.1148,-27.94,-27.37,16.13,325.48,-81.11,-149.73,False
4867.1,4870022,2019-09-08 11:28:56.646,0.5848,0.4773,9.5384,-0.0548,0.032,9.8064,0.1428,-0.0561,-0.0726,-28.44,-27.19,16.5,327.03,-81.1,-149.93,False
4867.199,4870121,2019-09-08 11:28:56.745,1.5364,0.7105,10.0888,0.0585,-0.0332,9.8064,-0.0509,-0.038,0.0002,-28.56,-26.56,16.69,325.9,-81.06,-150.13,False
4867.299,4870221,2019-09-08 11:28:56.845,2.0376,-1.5724,10.1323,0.0514,-0.0307,9.8064,-0.0022,-0.046,0.0783,-28.19,-26.5,15.75,324.0,-80.66,-150.95,False
4867.4,4870322,2019-09-08 11:28:56.946,1.6258,-0.7976,9.6681,-0.0382,0.0101,9.8065,-0.0546,0.0292,0.0859,-28.69,-26.19,15.69,323.61,-80.65,-150.55,False
4867.5,4870422,2019-09-08 11:28:57.046,1.2199,-0.8809999999999999,9.1106,-0.0197,0.0052,9.8066,-0.1264,0.0543,0.0322,-28.19,-26.5,15.94,325.56,-80.76,-149.62,False
4867.599,4870521,2019-09-08 11:28:57.145,1.8941,0.0098,10.1185,-0.0031,0.0088,9.8066,0.1606,-0.0508,0.0421,-29.06,-26.56,16.81,325.79,-80.76,-150.07,False
4867.7,4870622,2019-09-08 11:28:57.246,1.7823,-0.4631,10.4585,-0.0117,0.0126,9.8065,0.1441,0.0067,-0.0031,-28.69,-26.94,16.56,325.84,-80.83,-150.06,False
4867.8,4870722,2019-09-08 11:28:57.346,1.6643,-1.0594,10.2517,0.0129,-0.0125,9.8065,-0.07,-0.0002,-0.0062,-28.25,-26.56,16.44,324.94,-80.92,-150.1,False
4867.9,4870822,2019-09-08 11:28:57.446,0.8392,-0.8183,9.6244,0.0181,-0.0094,9.8066,-0.076,-0.0419,-0.0129,-29.31,-27.44,16.94,325.64,-80.79,-150.21,False
4867.999,4870921,2019-09-08 11:28:57.545,2.018,-0.8265,9.5241,0.0028,0.0022,9.8066,-0.0051,-0.0188,0.0034,-28.62,-26.69,17.06,325.57,-80.78,-150.27,False
4868.1,4871022,2019-09-08 11:28:57.646,1.3477,-0.4079,10.2419,0.0009,-0.0012,9.8066,0.0144,-0.0026,-0.0062,-28.69,-27.12,16.94,325.4,-80.78,-150.42,False
4868.2,4871122,2019-09-08 11:28:57.746,0.802,-0.0676,9.9059,-0.0091,0.0039,9.8065,-0.0082,0.0452,-0.0702,-28.19,-27.62,16.69,326.11,-80.83,-150.44,False
4868.3,4871222,2019-09-08 11:28:57.846,1.0441,-0.7082,10.0095,-0.0102,0.0061,9.8066,0.0169,-0.0204,0.0135,-28.81,-27.0,16.63,325.29,-80.87,-150.57,False
4868.399,4871321,2019-09-08 11:28:57.945,1.4101,-0.742,9.9154,0.0095,0.0,9.8066,0.0168,-0.0005,-0.0035,-28.69,-27.44,16.75,325.5,-80.9,-150.4,False
4868.499,4871421,2019-09-08 11:28:58.045,0.941,-0.6253,9.6144,0.0148,-0.0042,9.8066,-0.0258,-0.024,-0.0182,-28.44,-27.5,17.0,325.67,-80.85,-150.99,False
4868.599,4871521,2019-09-08 11:28:58.145,0.9398,-0.4549,9.8237,-0.0033,0.0054,9.8066,0.0266,0.0291,-0.0418,-28.5,-27.75,16.25,323.02,-80.81,-151.57,False
4868.7,4871622,2019-09-08 11:28:58.246,1.2943,-0.3759,9.6844,-0.0035,0.0038,9.8066,0.0416,0.0016,0.0456,-28.5,-26.87,16.69,324.53,-80.83,-151.99,False
4868.8,4871722,2019-09-08 11:28:58.346,0.4877,-0.0246,10.2579,0.0059,-0.0053,9.8066,0.0221,-0.0155,0.0248,-29.31,-26.94,17.38,323.65,-80.72,-151.95,False
4868.9,4871822,2019-09-08 11:28:58.446,1.5888,-0.4397,9.381,0.0077,-0.002,9.8066,0.0139999999999999,0.0265,-0.0127,-28.31,-26.87,17.06,324.29,-80.69,-152.13,False
4868.999,4871921,2019-09-08 11:28:58.545,0.4874,0.1863,9.5744,-0.008,0.0046,9.8066,0.0331,0.0246,-0.0116,-29.37,-26.87,16.5,322.99,-80.64,-152.49,False
4869.1,4872022,2019-09-08 11:28:58.646,1.0376,-0.5511,9.8313,-0.0061,0.0088,9.8066,0.0036,0.0071,0.0208,-28.56,-26.81,17.0,322.84,-80.71,-152.66,False
4869.199,4872121,2019-09-08 11:28:58.745,1.207,-0.531,9.7112,0.0104,0.0023,9.8066,-0.0757,0.0,0.0025,-29.25,-27.31,16.06,321.2,-80.75,-152.59,False
4869.3,4872222,2019-09-08 11:28:58.846,1.0424,-0.3806,9.266,0.0213,-0.0014,9.8065,-0.0947,0.0069999999999999,0.0207,-29.12,-27.56,16.13,320.16,-80.8,-153.36,False
4869.4,4872322,2019-09-08 11:28:58.946,0.2876,0.093,9.3866,-0.0348,0.0149,9.8065,0.1382,0.0344,0.0164,-28.94,-27.44,16.5,322.8,-80.97,-152.84,False
4869.5,4872422,2019-09-08 11:28:59.046,0.8490000000000001,-0.5145,9.8569,-0.026,0.0169,9.8066,0.0993,0.0052,0.0104,-28.69,-27.75,16.56,322.33,-80.96,-153.1,False
4869.599,4872521,2019-09-08 11:28:59.145,1.0445,0.4164,10.0641,0.016,-0.0083,9.8065,-0.0186,-0.0032,-0.0114,-29.19,-28.62,16.25,320.15,-80.81,-153.2,False
4869.699,4872621,2019-09-08 11:28:59.245,0.8656,0.5218,9.8305,0.0048,0.0027,9.8066,0.0111,-0.067,0.0534,-28.94,-27.62,16.13,319.98,-80.68,-153.45,False
4869.799,4872721,2019-09-08 11:28:59.345,0.9788,0.3666,10.2175,-0.0013,0.0008,9.8066,0.1031,-0.0006,0.0094,-29.37,-28.0,16.19,320.44,-80.53,-152.95,False
4869.899,4872821,2019-09-08 11:28:59.445,0.1718,-0.7341,10.0397,-0.0007,0.0011,9.8066,0.0274,-0.0384,0.059,-29.19,-26.5,16.75,322.66,-80.47,-152.85,False
4869.999,4872921,2019-09-08 11:28:59.545,0.9755,0.2909,9.9621,-0.0024,0.0081,9.8066,-0.0157,-0.0383,0.0119,-28.81,-27.25,16.38,321.03,-80.44,-152.55,False
4870.099,4873021,2019-09-08 11:28:59.645,0.8739,-0.3619,9.9012,-0.0091,0.0145,9.8066,0.0174,0.0114,-0.0098,-28.5,-27.19,16.56,323.3,-80.51,-152.9,False
4870.199,4873121,2019-09-08 11:28:59.745,1.2249,-0.0306,9.901,0.0192,0.0086,9.8066,-0.0449,0.0049,-0.0365,-29.19,-27.87,16.0,319.72,-80.5,-153.57,False
4870.299,4873221,2019-09-08 11:28:59.845,0.2838,-0.0458,9.5864,0.0131,-0.0057,9.8065,-0.0225,0.0665,-0.0487,-29.0,-28.69,15.31,316.53,-80.53,-154.62,False
4870.4,4873322,2019-09-08 11:28:59.946,0.789,-0.0246,9.842,-0.0232,0.0045,9.8066,-0.0362,0.004,0.0066,-28.87,-28.37,15.13,317.14,-80.65,-154.36,False
4870.499,4873421,2019-09-08 11:29:00.045,-0.1833,1.2692,9.103,-0.0184,0.0121,9.8066,-0.0896,0.0532,-0.0006,-29.56,-28.69,15.19,317.44,-80.92,-153.44,False
4870.6,4873522,2019-09-08 11:29:00.146,-0.364,0.8035,10.1252,0.0287,-0.0148,9.8065,0.0522,0.027,-0.0018,-29.81,-27.94,16.25,319.23,-80.75,-153.48,False
4870.699,4873621,2019-09-08 11:29:00.245,-0.1887,1.0226,9.599,0.0493,-0.0211,9.8064,-0.0413,0.0645,-0.0214,-29.31,-28.06,16.06,319.07,-80.6,-154.21,False
4870.8,4873722,2019-09-08 11:29:00.346,0.3426,0.3463,9.5426,-0.0165,0.0179,9.8065,0.009,0.0569,-0.0228,-28.69,-28.75,16.06,317.92,-80.6,-155.04,False
4870.9,4873822,2019-09-08 11:29:00.446,-0.0587,1.0056,9.4757,-0.0218,0.0319,9.8065,-0.0033,-0.0119,-0.044,-28.31,-28.81,16.13,318.1,-80.6,-155.6,False
4870.999,4873921,2019-09-08 11:29:00.545,0.5341,0.0799,10.1887,0.0173,-0.0047,9.8066,-0.0771,0.0339,-0.0206,-28.56,-29.12,15.5,316.71,-80.88,-156.32,False
4871.1,4874022,2019-09-08 11:29:00.646,-0.1254,-0.1551,10.7298,0.0197,-0.0047,9.8066,-0.0062,-0.0079,0.0003,-28.44,-29.12,15.63,316.86,-80.8,-156.84,False
4871.199,4874121,2019-09-08 11:29:00.745,1.1012,0.1391,10.5444,0.0232,-0.0056,9.8066,-0.0567,-0.0319,0.0185,-28.19,-29.56,15.25,313.87,-80.66,-157.54,False
4871.299,4874221,2019-09-08 11:29:00.845,0.8013,0.3291,9.2916,0.0217,-0.0126,9.8066,-0.0484,0.0225,0.0101,-28.19,-29.31,15.25,313.84,-80.54,-157.69,False
4871.399,4874321,2019-09-08 11:29:00.945,0.344,-0.1118,9.1798,-0.0327,-0.0037,9.8066,0.0778,0.0047,0.0326,-29.0,-28.94,15.19,313.53,-80.39,-157.2,False
4871.499,4874421,2019-09-08 11:29:01.045,-0.1373,0.3034,9.6017,-0.0431,0.0103,9.8065,0.0396,0.0029,0.003,-28.06,-28.94,14.88,315.37,-80.38,-156.21,False
4871.599,4874521,2019-09-08 11:29:01.145,-0.1919,0.4379,10.4662,0.0209,-0.0178,9.8065,-0.0781,0.0323,0.032,-28.94,-29.37,15.25,316.79,-80.72,-154.52,False
4871.699,4874621,2019-09-08 11:29:01.245,1.5352,0.4631,9.4055,0.0254,-0.0277,9.8066,-0.0598,0.0382,0.0213,-28.5,-29.19,15.13,317.93,-80.47,-154.0,False
4871.8,4874722,2019-09-08 11:29:01.346,-0.6885,0.154,9.7378,-0.0554,0.0117,9.8064,0.0674,-0.0821,0.0798,-29.06,-28.5,15.75,322.03,-80.44,-151.49,False
4871.9,4874822,2019-09-08 11:29:01.446,1.6744,-0.3854,9.4307,-0.0494,0.0054,9.8064,0.1326,0.0429,-0.0537,-29.44,-28.81,14.94,320.88,-80.39,-150.68,False
4872.0,4874922,2019-09-08 11:29:01.546,-0.8492,-1.5151,9.3696,-0.0279999999999999,0.002,9.8065,-0.1083,0.125,-0.1653,-28.5,-29.0,14.75,321.05,-80.5,-151.28,False
4872.099,4875021,2019-09-08 11:29:01.645,-0.3871,1.6298,8.2653,-0.057,0.0473,9.8063,0.0143,-0.0723,0.0319,-29.12,-29.0,14.69,319.76,-80.43,-151.69,False
4872.2,4875122,2019-09-08 11:29:01.746,1.894,-0.1386,9.9623,0.0754,-0.0047,9.8063,-0.1074,-0.1085,0.1263,-29.0,-28.94,15.19,319.89,-80.68,-151.74,False
4872.299,4875221,2019-09-08 11:29:01.845,1.1872,-0.2774,11.1918,0.0554,-0.0392,9.8064,-0.0358,0.0459,-0.1572,-28.62,-28.62,14.94,317.73,-80.22,-153.34,False
4872.4,4875322,2019-09-08 11:29:01.946,0.5343,-1.334,10.1603,-0.0012,0.0102,9.8066,-0.1857,0.035,-0.1148,-29.0,-29.37,14.5,316.46,-80.54,-154.69,False
4872.499,4875421,2019-09-08 11:29:02.045,-0.721,-0.241,9.4042,0.0101,0.01,9.8066,-0.205,-0.0548,0.0022,-28.19,-29.44,14.38,314.46,-80.69,-155.55,False
4872.6,4875522,2019-09-08 11:29:02.146,-0.5411,0.3814,9.8291,-0.0158,0.0165,9.8065,0.2638,0.0284,-0.0084,-28.69,-29.31,14.56,315.84,-80.89,-155.49,False
4872.699,4875621,2019-09-08 11:29:02.245,0.1968,0.7269,10.6966,-0.0247,0.0249,9.8065,0.3319,0.0063,-0.0196,-28.19,-29.44,14.31,313.42,-80.99,-156.7,False
4872.799,4875721,2019-09-08 11:29:02.345,1.0998,0.147,9.8441,0.0744,-0.0279,9.8063,-0.1511,-0.0212,-0.0055,-28.31,-28.62,15.06,313.39,-80.81,-158.3,False
4872.899,4875821,2019-09-08 11:29:02.445,0.2939,-0.6356,9.6026,0.0764,-0.0399,9.8062,-0.2067,0.0089,0.0105,-28.19,-29.19,14.94,311.68,-80.21,-159.37,False
4873.0,4875922,2019-09-08 11:29:02.546,-0.8816,0.4621,8.9834,-0.0823,0.0355,9.8062,0.2372,0.0435,-0.0078,-28.25,-29.44,15.0,311.87,-80.29,-159.26,False
4873.099,4876021,2019-09-08 11:29:02.645,0.738,-0.0493,10.2847,-0.0724,0.0472,9.8062,0.2465,0.0102,0.0324,-27.56,-28.87,15.44,312.85,-80.92,-158.86,False
4873.2,4876122,2019-09-08 11:29:02.746,0.1425,0.5715,10.0505,0.0423,-0.0033,9.8065,-0.0985,0.0504,-0.0397,-28.37,-29.12,14.88,312.21,-80.94,-159.45,False
4873.299,4876221,2019-09-08 11:29:02.845,1.1477,0.5094,9.9934,0.0144,0.0056,9.8066,-0.0079,0.05,-0.0236,-27.25,-29.0,14.63,311.0,-80.87,-161.19,False
4873.399,4876321,2019-09-08 11:29:02.945,-0.2088,1.3249,9.1943,-0.0272,0.0108,9.8065,-0.0527,0.062,0.0135,-27.62,-29.62,14.31,308.71,-81.08,-160.81,False
4873.499,4876421,2019-09-08 11:29:03.045,-0.3996,0.9687,9.6587,-0.0407,0.0014,9.8065,0.0015,0.0396,0.0332,-28.12,-29.06,14.56,312.0,-81.16,-159.81,False
4873.599,4876521,2019-09-08 11:29:03.145,-0.2284,0.7071,9.8806,0.016,-0.0185,9.8066,-0.0119,0.0556,0.0389,-27.69,-29.0,13.69,311.12,-81.17,-158.92,False
4873.7,4876622,2019-09-08 11:29:03.246,-0.7483,0.8557,10.4926,0.0141,-0.0232,9.8065,0.0763,0.0452,0.0178,-27.25,-29.25,13.88,313.1,-80.94,-157.61,False
4873.8,4876722,2019-09-08 11:29:03.346,-0.8598,0.3566,10.3196,0.0033,-0.0045,9.8066,0.0649,0.1425,-0.0282,-27.75,-28.75,13.38,310.5,-80.86,-157.47,False
4873.9,4876822,2019-09-08 11:29:03.446,-0.5159,0.0941,11.3396,-0.0045,-0.0298,9.8065,-0.1052,0.0763,-0.0589,-28.0,-28.87,14.13,312.8,-80.68,-157.02,False
4874.0,4876922,2019-09-08 11:29:03.546,-1.0257,-0.4225,9.9201,0.0205,0.0163,9.8066,0.0294,-0.0289999999999999,-0.0285,-28.69,-29.69,13.81,310.48,-80.6,-158.21,False
4874.099,4877021,2019-09-08 11:29:03.645,0.7824,0.8535,9.2186,0.0009,0.0024,9.8066,-0.0039,0.1398,0.0864,-28.0,-29.44,13.38,308.46,-80.75,-159.23,False
4874.2,4877122,2019-09-08 11:29:03.746,0.6166,2.9214,8.896,-0.0641,0.0442,9.8063,-0.2429,0.185,-0.0355,-28.62,-30.19,12.69,308.75,-80.57,-158.03,False
4874.3,4877222,2019-09-08 11:29:03.846,-1.0292,0.9961,10.0698,-0.0802,0.0304,9.8062,0.2265,0.0324,0.0194,-28.62,-29.0,12.69,310.77,-81.22,-156.95,False
4874.4,4877322,2019-09-08 11:29:03.946,-0.7974,1.1172,10.9863,0.0536,-0.0176,9.8064,0.2105,0.1421,-0.0508,-28.81,-29.25,12.44,309.0,-81.15,-156.76,False
4874.499,4877421,2019-09-08 11:29:04.045,1.0559,0.3199,10.8947,0.052,-0.0311,9.8064,-0.2532,0.1231,0.0451,-28.44,-29.69,12.94,310.29,-80.67,-157.28,False
4874.599,4877521,2019-09-08 11:29:04.145,-0.3741,-0.3908,9.6098,-0.0071,0.0051,9.8066,-0.1662,0.017,0.0259,-28.25,-28.94,12.5,310.83,-80.54,-156.92,False
4874.699,4877621,2019-09-08 11:29:04.245,0.5882,0.2504,9.0293,-0.0069999999999999,0.0314,9.8066,0.1097,0.0346,-0.0747,-27.5,-28.69,12.44,308.01,-80.77,-158.41,False
4874.799,4877721,2019-09-08 11:29:04.345,-1.5852,1.8928,9.42,0.0018,0.0039,9.8066,0.1008,0.0511,-0.0345,-27.19,-28.31,12.69,309.79,-80.86,-158.97,False
4874.899,4877821,2019-09-08 11:29:04.445,0.7046,0.5317,10.4887,-0.0073,0.0126,9.8066,-0.1311,0.0715,-0.0545,-26.94,-28.12,12.81,309.21,-80.83,-159.47,False
4874.999,4877921,2019-09-08 11:29:04.545,0.0637,1.1684,9.3635,0.0215,0.0017,9.8065,-0.0801,0.0292,-0.0243,-27.81,-28.56,12.63,308.17,-81.12,-159.81,False
4875.1,4878022,2019-09-08 11:29:04.646,-1.2504,1.3696,9.6771,-0.0437,0.0166,9.8065,0.1058,-0.0091,-0.0039,-28.19,-29.56,12.75,307.76,-81.22,-160.03,False
4875.199,4878121,2019-09-08 11:29:04.745,-1.4132,1.3822,10.0585,0.0116,-0.0091,9.8066,-0.0698,0.052,0.0452,-28.31,-29.5,12.06,306.69,-81.4,-159.6,False
4875.299,4878221,2019-09-08 11:29:04.845,-1.1583,1.1215,9.7637,0.0075,-0.0015,9.8066,-0.0724,0.0353,0.0678,-28.12,-29.19,12.56,309.22,-81.36,-159.04,False
4875.4,4878322,2019-09-08 11:29:04.946,1.3967,2.2082,9.4978,0.0028,-0.0123,9.8066,0.1209,0.0123,0.1076,-28.19,-29.06,11.69,308.85,-81.34,-157.57,False
4875.499,4878421,2019-09-08 11:29:05.045,-0.3933,0.7848,9.9628,0.0009,-0.0199,9.8066,0.0672,0.0975,-0.0204,-29.0,-29.87,11.81,308.75,-81.17,-156.78,False
4875.6,4878522,2019-09-08 11:29:05.146,-0.2053,2.3626,9.9112,-0.0118,-0.0053,9.8066,0.1282,0.0217,0.0536,-28.06,-29.5,11.81,309.59,-81.07,-156.68,False
4875.699,4878621,2019-09-08 11:29:05.245,-1.0131,-0.1224,9.7518,-0.0303,0.0074,9.8065,0.1639999999999999,-0.0139999999999999,0.0579,-28.87,-29.94,11.19,307.68,-80.85,-155.69,False
4875.799,4878721,2019-09-08 11:29:05.345,-0.7313,0.0911,10.2077,0.0788,-0.0247,9.8063,-0.3585,0.0519,-0.012,-28.62,-30.0,11.75,310.71,-81.07,-154.92,False
4875.899,4878821,2019-09-08 11:29:05.445,-1.0142,1.7782,9.596,0.0473,-0.0168,9.8064,0.051,0.0163,0.0392,-28.69,-29.31,10.94,307.69,-80.75,-155.83,False
4876.0,4878922,2019-09-08 11:29:05.546,-2.9293,1.9404,8.5469,-0.0211,0.0112,9.8065,0.079,0.0985,0.0073,-28.75,-29.87,11.63,309.23,-80.92,-156.14,False
4876.099,4879021,2019-09-08 11:29:05.645,1.2326,0.0933,9.8284,-0.0324,0.0176,9.8065,-0.0567,0.0687,-0.0702,-28.19,-29.37,11.38,307.11,-80.87,-156.92,False
4876.199,4879121,2019-09-08 11:29:05.745,-0.4264,1.7751,9.2539,-0.0028,0.0064,9.8066,-0.1104,0.0784,-0.0623,-28.69,-29.87,11.19,306.05,-80.83,-157.15,False
4876.299,4879221,2019-09-08 11:29:05.845,-1.2027,1.2747,9.9353,-0.0158,0.0013,9.8066,0.1412,0.076,-0.0239,-28.75,-29.87,11.06,306.81,-80.99,-156.6,False
4876.4,4879322,2019-09-08 11:29:05.946,0.0654,1.1023,10.1432,0.0251,-0.001,9.8066,0.1658,0.0646,0.0114,-27.5,-29.06,10.94,308.29,-81.15,-156.59,False
4876.499,4879421,2019-09-08 11:29:06.045,-0.3502,1.1356,9.8701,0.0345,-0.0059,9.8065,-0.0996,0.049,0.0076,-28.25,-30.31,10.38,304.57,-81.04,-157.26,False
4876.599,4879521,2019-09-08 11:29:06.145,-0.4303,1.161,10.0504,-0.0192,-0.0091,9.8066,-0.094,0.0681,0.0497,-28.5,-29.5,10.13,306.07,-81.18,-156.26,False
4876.699,4879621,2019-09-08 11:29:06.245,-0.7363,1.7101,9.5265,-0.0337,0.004,9.8066,0.1347,0.0601,0.0105,-28.69,-30.12,10.5,308.11,-81.28,-155.67,False
4876.799,4879721,2019-09-08 11:29:06.345,-0.1489,0.3083,10.122,0.0236,-0.0157,9.8066,0.1788,0.0148,0.0586,-28.44,-30.06,9.38,304.89,-81.26,-155.25,False
4876.899,4879821,2019-09-08 11:29:06.445,0.152,0.4038,9.4975,0.0175,0.0048,9.8066,0.0039,0.0634,-0.0183,-28.81,-29.81,9.63,306.19,-81.14,-155.47,False
4877.0,4879922,2019-09-08 11:29:06.546,-0.4955,0.931,9.8768,-0.0034,0.0041,9.8065,-0.002,0.0743,-0.03,-28.62,-30.44,9.69,305.74,-81.18,-155.92,False
4877.099,4880021,2019-09-08 11:29:06.645,-1.1602,0.8822,9.9513,-0.0146,0.0021,9.8066,0.0375,0.0378,-0.0022,-28.31,-30.06,9.63,306.5,-81.26,-155.7,False
4877.199,4880121,2019-09-08 11:29:06.745,-0.2277,0.7235,9.9526,-0.0016,-0.0043,9.8066,0.0258,0.0556,0.0499,-28.62,-30.69,9.06,304.38,-81.42,-155.28,False
4877.299,4880221,2019-09-08 11:29:06.845,-0.6297,0.1159999999999999,10.1779,0.0076,-0.0192,9.8065,-0.0881,0.0816,0.074,-28.37,-29.44,9.44,306.53,-81.43,-154.14,False
4877.399,4880321,2019-09-08 11:29:06.945,-0.9728,0.7866,9.9004,-0.0176,0.0007,9.8066,-0.0302,0.0737,0.0226,-28.37,-29.87,9.06,306.86,-81.39,-153.58,False
4877.5,4880422,2019-09-08 11:29:07.046,-0.253,0.3568,9.795,-0.0074,-0.0109,9.8066,0.0663,-0.0006,-0.0121,-29.06,-30.0,8.81,307.12,-81.33,-152.93,False
4877.6,4880522,2019-09-08 11:29:07.146,-1.1189,0.8486,10.1017,0.0122,-0.0069999999999999,9.8066,0.0695,0.0456,-0.0357,-28.69,-29.94,8.94,306.99,-81.24,-152.98,False
4877.699,4880621,2019-09-08 11:29:07.245,-0.2386,0.6476,10.0701,-0.0051,0.0012,9.8066,-0.069,0.0579,0.0226,-29.31,-29.81,8.75,307.45,-81.2,-152.51,False
4877.8,4880722,2019-09-08 11:29:07.346,-1.7224,0.6191,9.6111,-0.0188,-0.0018,9.8065,-0.0929,-0.0009,0.0697,-28.87,-29.31,8.69,308.74,-81.31,-151.67,False
4877.9,4880822,2019-09-08 11:29:07.446,-1.9735,0.6664,9.9065,-0.0139,0.0078,9.8066,0.0908,0.0154,-0.0441,-28.69,-30.31,8.56,308.43,-81.33,-151.74,False
4878.0,4880922,2019-09-08 11:29:07.546,-1.5583,0.2978,10.1307,0.0185,0.0011,9.8066,0.0848,0.0752,-0.0491,-28.31,-29.62,8.81,307.74,-81.35,-152.74,False
4878.099,4881021,2019-09-08 11:29:07.645,-1.6299,0.7855,9.6102,0.02,0.0057,9.8066,-0.0115,0.0654,-0.0144,-28.06,-30.44,8.5,306.33,-81.22,-153.9,False
4878.2,4881122,2019-09-08 11:29:07.746,-1.1134,0.5978,9.4682,-0.0122,0.0063,9.8066,-0.0387,0.0046,0.0111,-28.31,-29.81,8.56,305.79,-81.23,-154.4,False
4878.3,4881222,2019-09-08 11:29:07.846,-1.0652,-0.0811,9.536,-0.0225,0.0037,9.8066,0.0089,0.0518,-0.0178,-27.56,-29.69,8.75,306.3,-81.44,-154.13,False
4878.4,4881322,2019-09-08 11:29:07.946,-1.9894,0.4814,10.2284,-0.0059,0.0145,9.8066,0.0192,0.0198,-0.0121,-28.0,-30.06,8.31,303.91,-81.66,-154.58,False
4878.5,4881422,2019-09-08 11:29:08.046,-1.3917,1.105,10.1424,-0.006,0.0087,9.8065,-0.0049,0.019,-0.0069,-28.37,-29.62,8.0,303.22,-81.77,-155.31,False
4878.6,4881522,2019-09-08 11:29:08.146,-1.5323,0.7020000000000001,9.6371,0.0029,-0.0025,9.8066,-0.0139999999999999,0.0144,0.0191,-28.75,-30.06,8.13,302.52,-81.75,-155.64,False
4878.7,4881622,2019-09-08 11:29:08.246,-1.327,0.5565,9.9827,-0.0051,0.0002,9.8066,0.0231,0.0352,0.0047,-28.25,-29.87,8.63,305.11,-81.73,-155.49,False
4878.8,4881722,2019-09-08 11:29:08.346,-1.4416,0.3758,9.7179,-0.0094,0.0035,9.8066,-0.0252,0.0329,0.0015,-28.19,-30.25,8.5,305.46,-81.77,-155.21,False
4878.9,4881822,2019-09-08 11:29:08.446,-1.716,0.2626,9.7809,-0.0187,0.005,9.8066,0.0612,0.0287,0.0147,-27.94,-30.19,7.69,304.01,-81.97,-154.78,False
4879.0,4881922,2019-09-08 11:29:08.546,-1.1249,0.0969,10.0478,0.0192,-0.0116,9.8065,0.0291,0.0161,0.0345,-28.56,-31.19,8.69,305.76,-81.89,-154.45,False
4879.1,4882022,2019-09-08 11:29:08.646,-1.5584,0.2126,9.8125,0.0212,-0.0085,9.8066,0.008,0.0194,0.0422,-28.69,-30.5,8.75,306.37,-81.96,-154.17,False
4879.2,4882122,2019-09-08 11:29:08.746,-2.1124,0.6975,10.2395,-0.0033,0.0083,9.8066,0.01,0.0104,0.0064,-29.12,-30.12,8.5,306.7,-81.91,-153.82,False
4879.3,4882222,2019-09-08 11:29:08.846,-1.0442,0.7240000000000001,9.852,0.0073,0.0101,9.8066,-0.0196,0.0279999999999999,-0.0471,-28.12,-29.62,8.06,303.49,-81.9,-155.19,False
4879.4,4882322,2019-09-08 11:29:08.946,-1.0361,-0.1496,9.4049,0.0001,-0.0059,9.8066,-0.0358,-0.0025,0.0014,-28.31,-29.69,8.56,305.13,-81.86,-155.59,False
4879.5,4882422,2019-09-08 11:29:09.046,-1.6225,0.3869,9.7856,-0.023,0.0122,9.8065,0.0279,0.0171,-0.0056,-28.19,-30.56,8.69,305.23,-82.0,-155.39,False
4879.6,4882522,2019-09-08 11:29:09.146,-1.5981,0.4126,9.9923,0.0013,0.005,9.8066,-0.001,0.0109,-0.001,-28.12,-29.94,8.44,303.5,-82.14,-155.4,False
4879.699,4882621,2019-09-08 11:29:09.245,-1.6728,0.6487,9.9623,0.0018,0.0092,9.8066,-0.009,0.02,-0.0015,-28.31,-30.25,8.31,303.14,-82.25,-155.84,False
4879.799,4882721,2019-09-08 11:29:09.345,-0.8903,0.4356,9.292,-0.0036,-0.0005,9.8066,-0.0078,0.0119,0.0051,-28.25,-29.87,8.44,302.42,-82.25,-156.51,False
4879.899,4882821,2019-09-08 11:29:09.445,-0.4695,0.3157,9.7649,-0.006,0.0023,9.8066,-0.0453,0.0042,-0.0021,-28.44,-30.56,7.94,302.2,-82.22,-156.46,False
4879.999,4882921,2019-09-08 11:29:09.545,-1.1305,0.4018,10.2563,0.0056,0.0007,9.8066,-0.0095,0.0248,-0.0162,-28.19,-30.19,8.25,302.28,-82.19,-156.58,False
4880.1,4883022,2019-09-08 11:29:09.646,-0.9812,0.0095,9.6559,0.0028,-0.0001,9.8065,0.0117,0.017,-0.025,-28.69,-30.25,8.5,304.08,-82.25,-156.54,False
4880.199,4883121,2019-09-08 11:29:09.745,-1.3501,0.5432,9.9345,-0.0085,0.0053,9.8066,0.0147,-0.004,0.0058,-27.94,-30.62,7.94,301.95,-82.34,-156.8,False
4880.299,4883221,2019-09-08 11:29:09.845,-1.2527,-0.3002,9.8155,-0.0109,0.0007,9.8066,-0.0774,0.0318,-0.0415,-28.44,-30.19,8.25,302.45,-82.45,-156.67,False
4880.399,4883321,2019-09-08 11:29:09.945,-1.5189,0.0666,10.1714,-0.0095,0.002,9.8066,-0.1088,0.0275,-0.0184,-28.69,-31.37,8.63,304.54,-82.56,-156.19,False
4880.499,4883421,2019-09-08 11:29:10.045,-2.6830000000000003,1.1861,9.6805,-0.0134,0.0004,9.8065,0.0874,-0.0283,0.0492,-28.31,-30.69,7.94,303.91,-82.74,-155.38,False
4880.599,4883521,2019-09-08 11:29:10.145,-2.0572,0.4011,10.1417,-0.0108,0.0158,9.8065,0.0882,-0.0003,-0.0218,-28.37,-30.62,8.31,304.33,-82.76,-155.0,False
4880.699,4883621,2019-09-08 11:29:10.245,-1.2446,0.8502,9.5501,0.0022,0.002,9.8066,-0.0004,-0.0256,0.0393,-28.69,-31.06,7.81,303.06,-82.76,-155.87,False
4880.799,4883721,2019-09-08 11:29:10.345,-2.2509,1.0239,9.3265,-0.0014,0.0074,9.8066,-0.0304,0.0384,-0.0158,-28.69,-30.25,7.88,302.87,-82.69,-156.18,False
4880.899,4883821,2019-09-08 11:29:10.445,-0.8785,-0.4348,9.997,-0.015,0.0085,9.8066,0.0337,0.0274,0.0087,-29.44,-30.12,8.13,302.53,-82.64,-156.46,False
4881.0,4883922,2019-09-08 11:29:10.546,-2.4596,-0.1446,10.589,0.0339,-0.0234,9.8065,0.1301,0.043,0.059,-28.94,-30.25,7.88,303.45,-82.8,-155.75,False
4881.099,4884021,2019-09-08 11:29:10.645,-2.7956,0.4947,9.9386,0.0173,0.0035,9.8066,-0.0228,0.0389,-0.0307,-28.94,-29.81,8.0,303.71,-82.7,-155.41,False
4881.2,4884122,2019-09-08 11:29:10.746,-2.0735,0.5486,9.3944,-0.0147,0.0139,9.8066,-0.0409,-0.0066,-0.0364,-28.44,-31.0,8.44,303.86,-82.89,-155.57,False
4881.299,4884221,2019-09-08 11:29:10.845,-2.8641,0.8643,9.9919,-0.0088,0.0131,9.8066,0.0792,-0.018,-0.0112,-28.94,-31.0,8.06,302.68,-82.93,-156.39,False
4881.399,4884321,2019-09-08 11:29:10.945,-2.0644,0.6478,10.3409,0.0311,-0.0071,9.8065,0.1362,0.0005,0.0173,-28.75,-30.87,8.31,301.58,-82.95,-157.43,False
4881.499,4884421,2019-09-08 11:29:11.045,-1.9256,0.3592,9.8557,0.0198,-0.0062,9.8065,-0.062,-0.0141,0.0118,-29.0,-30.5,8.56,303.22,-82.69,-157.74,False
4881.599,4884521,2019-09-08 11:29:11.145,-2.0852,-0.0962,9.8994,-0.0159,0.0057,9.8066,-0.0549,-0.0074,-0.0222,-29.06,-30.44,8.0,301.38,-82.69,-157.58,False
4881.699,4884621,2019-09-08 11:29:11.245,-2.4328,0.1105,9.8882,-0.0121,0.0121,9.8066,0.0617,0.0103,-0.0342,-28.12,-30.06,7.94,301.42,-82.84,-158.0,False
4881.8,4884722,2019-09-08 11:29:11.346,-2.1997,0.0747,9.9305,0.0076,0.0192,9.8066,0.0165,-0.0201,-0.043,-27.87,-29.87,7.81,299.21,-82.88,-160.11,False
4881.899,4884821,2019-09-08 11:29:11.445,-2.4918,0.5925,10.0663,-0.0063,0.0187,9.8066,-0.0073,0.0124,-0.0413,-28.31,-30.5,8.13,297.78,-83.02,-161.6,False
4882.0,4884922,2019-09-08 11:29:11.546,-2.2711,0.5577,9.6282,-0.0129,0.0063,9.8066,-0.0267,-0.0289999999999999,0.0151,-28.44,-31.44,8.38,296.79,-83.14,-162.44,False
4882.099,4885021,2019-09-08 11:29:11.645,-2.5727,0.3488,9.8102,-0.0074,-0.0007,9.8066,-0.0191,-0.0088,0.0135,-27.94,-31.69,8.19,296.87,-83.31,-162.32,False
4882.199,4885121,2019-09-08 11:29:11.745,-2.4773,0.2044,9.8118,0.0049,0.0047,9.8066,0.0143,0.0032,-0.0311,-27.5,-31.0,8.31,297.87,-83.38,-162.0,False
4882.299,4885221,2019-09-08 11:29:11.845,-2.4006,0.153,9.7239,-0.002,0.0022,9.8066,-0.0022,-0.0442,0.0086,-28.06,-30.62,8.0,297.25,-83.44,-162.3,False
4882.399,4885321,2019-09-08 11:29:11.945,-2.7001,0.3384,9.8231,-0.0157,0.0127,9.8066,-0.0185,-0.0078,-0.0246,-28.75,-30.75,8.25,296.72,-83.7,-162.73,False
4882.499,4885421,2019-09-08 11:29:12.045,-2.6197,0.0704,10.325,-0.0092,0.0073,9.8066,-0.0365,-0.0476,-0.0071,-28.69,-31.31,8.25,296.43,-83.85,-163.16,False
4882.599,4885521,2019-09-08 11:29:12.145,-2.6807,0.3114,10.2066,-0.0112,0.012,9.8066,-0.0294,-0.0472,-0.016,-28.25,-30.81,7.94,296.59,-83.99,-163.49,False
4882.699,4885621,2019-09-08 11:29:12.245,-2.3288,0.2225,9.7982,-0.0037,0.0007,9.8066,0.0022,-0.0523,-0.0086,-28.06,-30.94,8.38,296.18,-84.15,-164.04,False
4882.799,4885721,2019-09-08 11:29:12.345,-1.6692,-0.0266,9.752,-0.0033,0.001,9.8066,0.008,-0.0513,-0.0025,-28.06,-31.25,7.88,295.72,-84.26,-164.58,False
4882.9,4885822,2019-09-08 11:29:12.446,-1.8486,0.0046,10.0362,-0.002,-0.0009,9.8066,-0.0231,-0.0524,0.0128,-27.75,-31.12,7.88,296.08,-84.34,-164.32,False
4883.0,4885922,2019-09-08 11:29:12.546,-1.539,0.1433,9.776,-0.0025,0.0067,9.8066,0.0202,-0.0478,0.0018,-27.81,-31.0,8.63,297.71,-84.45,-164.8,False
4883.1,4886022,2019-09-08 11:29:12.646,-1.6853,0.3596,9.8564,-0.0049,0.0054,9.8066,-0.0342,-0.0449,-0.0162,-28.0,-30.37,8.5,297.68,-84.52,-165.07,False
4883.199,4886121,2019-09-08 11:29:12.745,-1.7982,0.1212,10.1558,-0.0107,0.003,9.8066,-0.0154,-0.0627,-0.003,-27.87,-30.69,8.5,297.3,-84.63,-165.37,False
4883.299,4886221,2019-09-08 11:29:12.845,-1.4192,0.278,9.9423,-0.0092,0.0097,9.8066,-0.0014,-0.0521,-0.0043,-27.56,-29.87,8.63,297.13,-84.8,-165.86,False
4883.399,4886321,2019-09-08 11:29:12.945,-1.1102,0.2174,9.6929,-0.0024,0.0068,9.8066,-0.0211,-0.0377,-0.0204,-28.0,-30.87,8.94,296.11,-84.87,-166.75,False
4883.499,4886421,2019-09-08 11:29:13.045,-0.5399,0.0199,9.7125,-0.0026,0.0003,9.8066,0.0076,-0.0523,-0.0079,-28.87,-31.0,8.56,295.7,-84.91,-166.76,False
4883.6,4886522,2019-09-08 11:29:13.146,-0.4564,0.1396,9.7194,-0.0044,0.0004,9.8066,0.0096,-0.0321,0.0005,-28.44,-30.75,8.88,296.28,-84.97,-166.68,False
4883.7,4886622,2019-09-08 11:29:13.246,-0.3842,0.0099,9.8725,-0.0009,-0.0023,9.8066,-0.0209,-0.0309,0.0018,-27.94,-31.81,8.94,296.63,-85.02,-166.24,False
4883.8,4886722,2019-09-08 11:29:13.346,-0.4074,-0.0157,9.9406,-0.0092,0.0016,9.8066,-0.016,-0.0287,0.0029,-28.75,-31.37,8.94,296.9,-85.07,-165.76,False
4883.899,4886821,2019-09-08 11:29:13.445,-0.7118,-0.0399,9.8474,-0.0065,0.0025,9.8066,0.0103,-0.0512,-0.0089,-28.5,-31.12,9.0,297.87,-85.19,-165.37,False
4883.999,4886921,2019-09-08 11:29:13.545,-0.49,0.2781,9.9873,-0.01,0.0113,9.8066,0.0343,-0.0296,0.0069,-28.12,-30.75,8.88,297.53,-85.29,-165.79,False
4884.1,4887022,2019-09-08 11:29:13.646,-0.3042,0.1045,9.913,-0.0041,0.0015,9.8066,0.0247,-0.0256,0.001,-27.75,-30.87,8.69,297.41,-85.33,-165.95,False
4884.2,4887122,2019-09-08 11:29:13.746,-0.591,0.179,10.0413,-0.0017,0.0014,9.8066,-0.0264,-0.0158,0.0,-28.5,-30.94,8.88,297.53,-85.4,-165.91,False
4884.299,4887221,2019-09-08 11:29:13.845,-0.5941,-0.0505,9.8139,-0.0065,0.0013,9.8066,-0.0045,-0.0297,0.0091,-27.69,-30.87,9.13,297.87,-85.5,-165.66,False
4884.4,4887322,2019-09-08 11:29:13.946,-0.3698,-0.0574,9.903,-0.0038,0.0025,9.8066,0.0035,-0.0136,-0.0083,-28.5,-31.44,9.0,298.28,-85.57,-165.35,False
4884.5,4887422,2019-09-08 11:29:14.046,0.2097,-0.2562,9.9369,-0.0042,0.0024,9.8066,0.0075,-0.0132,0.0084,-28.19,-31.56,9.0,298.29,-85.67,-165.31,False
4884.599,4887521,2019-09-08 11:29:14.145,0.2828,-0.072,9.9407,-0.0048,0.0001,9.8066,0.021,-0.025,0.0027,-27.81,-31.81,9.0,298.64,-85.73,-165.02,False
4884.7,4887622,2019-09-08 11:29:14.246,0.4479,-0.2075,9.6618,-0.0069,0.0018,9.8066,0.0113,-0.0108,0.0011,-28.12,-31.31,9.63,300.76,-85.75,-165.0,False
4884.8,4887722,2019-09-08 11:29:14.346,0.5876,-0.2586,9.89,0.0,-0.0006,9.8066,-0.0069999999999999,-0.019,0.0132,-28.12,-31.44,9.13,298.97,-85.79,-164.89,False
4884.899,4887821,2019-09-08 11:29:14.445,0.5976,-0.3641,9.8169,-0.004,-0.0013,9.8066,-0.0073,-0.0074,-0.006,-27.87,-31.0,9.69,301.25,-85.81,-164.6,False
4884.999,4887921,2019-09-08 11:29:14.545,0.7564,-0.4784,9.8994,-0.0031,0.001,9.8066,-0.0025,-0.0092,0.0013,-28.25,-30.75,9.31,300.15,-85.87,-163.84,False
4885.099,4888021,2019-09-08 11:29:14.645,1.0015,-0.4233,9.7953,-0.0016,0.0015,9.8066,-0.0074,-0.0251,0.0018,-28.06,-30.94,9.69,302.19,-85.93,-163.8,False
4885.2,4888122,2019-09-08 11:29:14.746,0.6081,-0.3274,9.8171,-0.0066,0.0015,9.8066,0.0156,-0.0326,0.0003,-28.69,-31.19,10.13,302.09,-86.0,-163.44,False
4885.299,4888221,2019-09-08 11:29:14.845,0.9694,-0.5099,9.8303,-0.0067,0.0035,9.8066,0.0092,-0.0331,0.0044,-27.94,-31.19,9.63,302.89,-86.05,-163.24,False
4885.4,4888322,2019-09-08 11:29:14.946,0.9815,-0.5361,9.86,-0.0079,0.0023,9.8066,0.0069,-0.0235,0.0089,-27.81,-30.81,10.25,303.27,-86.08,-162.91,False
4885.5,4888422,2019-09-08 11:29:15.046,0.8795,-0.494,9.7529,-0.0052,-0.0002,9.8066,-0.0183,-0.0399,0.0048,-28.56,-30.94,9.44,301.58,-86.17,-162.27,False
4885.599,4888521,2019-09-08 11:29:15.145,0.7897,-0.5673,9.7812,-0.0084,0.0037,9.8066,-0.0023,-0.0426,-0.0056,-27.69,-30.06,9.88,304.72,-86.23,-161.74,False
4885.699,4888621,2019-09-08 11:29:15.245,0.9773,-0.4632,9.834,-0.008,0.0026,9.8066,-0.0111,-0.0513,-0.0076,-27.94,-29.75,10.25,305.05,-86.35,-161.53,False
4885.799,4888721,2019-09-08 11:29:15.345,0.7789,-0.5081,9.8262,-0.0076,0.0033,9.8066,-0.0081,-0.0557,-0.0039,-27.44,-30.56,9.69,306.15,-86.46,-161.04,False
4885.899,4888821,2019-09-08 11:29:15.445,1.0509,-0.4675,9.8533,-0.0063,-0.0037,9.8066,-0.0001,-0.0579,-0.0019,-27.75,-30.37,10.81,308.36,-86.51,-160.31,False
4886.0,4888922,2019-09-08 11:29:15.546,1.2385,-0.637,9.8171,-0.0003,-0.005,9.8066,-0.0093,-0.0855,0.0229,-27.94,-30.37,10.75,309.51,-86.55,-159.23,False
4886.099,4889021,2019-09-08 11:29:15.645,1.3449,-0.9551,9.7628,-0.0024,-0.0029,9.8066,-0.0143,-0.0839,0.0277,-27.62,-29.81,11.44,310.88,-86.56,-157.92,False
4886.2,4889122,2019-09-08 11:29:15.746,1.3829,-0.8873,9.7625,-0.0093,-0.0005,9.8066,0.0124,-0.1142,0.0281,-27.87,-30.19,11.75,314.82,-86.57,-155.93,False
4886.299,4889221,2019-09-08 11:29:15.845,2.4535,-1.7017,9.5808,-0.0055,-0.0022,9.8066,-0.0195,-0.1509,0.017,-28.31,-30.12,11.94,315.93,-86.53,-154.83,False
4886.399,4889321,2019-09-08 11:29:15.945,2.2671,-1.83,9.5209,-0.009,-0.0058,9.8066,-0.0279999999999999,-0.1768,0.0428,-28.31,-29.94,11.81,317.3,-86.48,-153.5,False
4886.499,4889421,2019-09-08 11:29:16.045,2.3512,-1.7781,9.4019,-0.0123,-0.01,9.8065,-0.017,-0.185,0.0808,-28.75,-29.62,12.69,322.1,-86.5,-149.96,False
4886.6,4889522,2019-09-08 11:29:16.146,2.4092,-2.4031,9.5229,-0.0156,-0.0143,9.8066,-0.12,-0.2275,0.0431,-28.19,-29.94,11.81,325.64,-86.48,-145.56,False
4886.699,4889621,2019-09-08 11:29:16.245,0.7747,-2.0454,9.1796,-0.0192,-0.0029,9.8065,-0.1432,-0.2541,0.0437,-28.44,-30.56,12.44,332.09,-86.55,-139.42,False
4886.799,4889721,2019-09-08 11:29:16.345,1.1065,-1.6774,10.4695,-0.0059,0.0111,9.8066,0.022,-0.3131,0.064,-27.87,-30.81,13.06,338.37,-86.65,-135.26,False
4886.899,4889821,2019-09-08 11:29:16.445,1.1484,-1.3555,10.7176,0.011,0.0037,9.8066,0.0524,-0.2543,-0.0368,-28.0,-29.75,13.44,337.62,-86.76,-136.05,False
4886.999,4889921,2019-09-08 11:29:16.545,0.6043,-0.7309,10.2064,-0.023,0.0077,9.8065,0.0789,-0.3805,0.017,-26.94,-30.62,13.63,337.11,-86.74,-138.97,False
4887.099,4890021,2019-09-08 11:29:16.645,0.8413,-1.2737,9.8632,-0.0117,0.0081,9.8066,0.0972,-0.3886,0.003,-26.94,-29.56,14.81,338.73,-86.67,-139.12,False
4887.2,4890122,2019-09-08 11:29:16.746,1.2008,-2.173,9.6624,0.0291,-0.044,9.8064,-0.0466,-0.3786,0.0635,-27.87,-29.69,15.81,338.59,-86.39,-139.89,False
4887.301,4890223,2019-09-08 11:29:16.847,0.5772,-1.7015,8.6705,0.0267,-0.0362,9.8065,-0.0606,-0.3939,0.0574,-28.12,-29.87,16.94,339.36,-85.75,-140.48,False
4887.399,4890321,2019-09-08 11:29:16.945,0.8696,-1.0618,8.6077,-0.025,-0.0362,9.8065,0.1261,-0.4456,0.1792,-28.12,-29.37,18.0,344.89,-85.3,-136.73,False
4887.5,4890422,2019-09-08 11:29:17.046,0.3345,-2.2649,9.7275,-0.033,-0.0359,9.8065,0.1147,-0.4782,0.1726,-27.56,-29.25,18.38,348.92,-84.71,-132.88,False
4887.6,4890522,2019-09-08 11:29:17.146,-0.7221,-3.5973,10.3286,-0.0048,-0.057,9.8064,0.0906,-0.5053,0.1642,-27.56,-29.75,19.06,352.38,-84.12,-131.05,False
4887.7,4890622,2019-09-08 11:29:17.246,0.6036,-2.9078,9.9653,0.0049,-0.0072,9.8066,0.013,-0.4593,-0.0571,-27.44,-29.37,20.38,355.0,-83.46,-131.01,False
4887.8,4890722,2019-09-08 11:29:17.346,-1.1542,-3.3452,10.082,0.0281,0.0607,9.8064,-0.1068,-0.4275,-0.1855,-26.44,-29.87,20.88,356.26,-83.71,-132.28,False
4887.899,4890821,2019-09-08 11:29:17.445,0.6916,-0.2844,10.0373,0.006,0.0536,9.8065,-0.1429,-0.501,-0.0234,-25.56,-29.81,21.06,351.26,-84.77,-136.92,False
4888.0,4890922,2019-09-08 11:29:17.546,0.6990000000000001,-0.7186,9.493,-0.0321,-0.0225,9.8065,-0.108,-0.5107,0.1193,-25.37,-29.06,22.25,358.73,-84.87,-132.52,False
4888.099,4891021,2019-09-08 11:29:17.645,0.6581,-2.1323,8.7835,-0.0452,-0.0511,9.8064,-0.0646,-0.5598,0.2709,-25.12,-29.25,23.19,5.66,-84.31,-127.46,False
4888.199,4891121,2019-09-08 11:29:17.745,-0.3968,-3.7882,9.7945,-0.0453,-0.0585,9.8063,-0.059,-0.5127,0.1561,-25.12,-28.87,23.56,11.7,-83.24,-123.36,False
4888.299,4891221,2019-09-08 11:29:17.845,-0.9693,-3.2127,9.9337,-0.0254,-0.023,9.8065,-0.088,-0.5479,0.1003,-24.87,-28.87,24.88,16.88,-82.38,-120.07,False
4888.4,4891322,2019-09-08 11:29:17.946,-0.963,-2.2023,10.2159,0.0031,-0.0214,9.8065,-0.1076,-0.5436,0.0514,-24.62,-28.19,25.44,18.53,-82.18,-118.6,False
4888.499,4891421,2019-09-08 11:29:18.045,-0.8741,-1.7627,9.5746,0.0223,-0.0268,9.8065,-0.1144,-0.5519,0.0635,-23.31,-29.5,26.63,23.35,-82.02,-119.01,False
4888.599,4891521,2019-09-08 11:29:18.145,-0.6742,-2.4194,9.6483,-0.0068,0.0006,9.8066,0.0253,-0.5195,0.0488,-22.31,-28.94,26.25,23.16,-81.91,-119.51,False
4888.699,4891621,2019-09-08 11:29:18.245,0.4179,-0.616,8.9557,-0.0031,-0.0059,9.8066,-0.0008,-0.4695,0.0531,-21.75,-28.5,26.88,22.64,-81.79,-120.93,False
4888.799,4891721,2019-09-08 11:29:18.345,0.401,-3.6909,10.4613,-0.0129,-0.0109,9.8066,0.0302,-0.4431,0.054,-21.25,-27.81,28.13,24.12,-81.37,-122.08,False
4888.9,4891822,2019-09-08 11:29:18.446,-0.7211,-1.2342,10.0176,-0.0178,0.0362,9.8065,0.0938,-0.3611,0.1484,-21.62,-28.56,28.5,23.61,-81.23,-122.25,False
4888.999,4891921,2019-09-08 11:29:18.545,0.6468,-1.946,10.7156,0.0319,-0.0607,9.8063,-0.212,-0.4422,0.0326,-20.25,-28.25,28.0,26.19,-81.07,-121.75,False
4889.099,4892021,2019-09-08 11:29:18.645,-0.0316,-1.8457,8.6583,0.0445,-0.0857,9.8061,-0.2977,-0.402,0.0574,-20.62,-27.94,27.75,24.7,-80.86,-121.76,False
4889.199,4892121,2019-09-08 11:29:18.745,-2.1819,-1.4924,9.9173,-0.0665,0.0666,9.8061,0.3015,-0.1484,-0.0377,-20.19,-28.44,28.44,25.08,-80.64,-122.89,False
4889.299,4892221,2019-09-08 11:29:18.845,-0.0177,-1.971,9.7975,-0.0691,0.0302,9.8063,0.2076,-0.2657,0.0575,-20.19,-28.75,28.38,28.08,-80.52,-120.46,False
4889.399,4892321,2019-09-08 11:29:18.945,-0.3546,-2.8301,10.412,0.0335,-0.0799,9.8062,-0.1832,-0.3227,0.0865,-20.06,-28.06,28.56,28.9,-80.26,-120.6,False
4889.5,4892422,2019-09-08 11:29:19.046,0.3596,-1.887,9.5157,0.0407,-0.0847,9.8062,-0.253,-0.1711,0.0009,-20.19,-28.5,29.0,25.59,-79.76,-123.68,False
4889.6,4892522,2019-09-08 11:29:19.146,0.4524,0.3308,10.2901,0.0087,0.0398,9.8065,-0.0193,-0.2583,-0.001,-19.5,-28.69,29.06,26.32,-80.05,-124.48,False
4889.699,4892621,2019-09-08 11:29:19.245,1.3603,-1.1539,9.7826,0.0089,-0.0088,9.8066,-0.099,-0.1462,-0.0283,-19.19,-28.94,29.5,25.57,-80.01,-125.94,False
4889.8,4892722,2019-09-08 11:29:19.346,1.266,-0.3647,9.7557,-0.0101,-0.0002,9.8066,-0.0605,-0.1894,0.0968,-19.44,-29.69,29.25,25.16,-80.09,-125.57,False
4889.899,4892821,2019-09-08 11:29:19.445,1.9151,-0.7813,10.0871,0.0015,-0.0058,9.8066,-0.0393,-0.1001,-0.0732,-18.5,-29.5,29.69,27.95,-79.9,-125.38,False
4889.999,4892921,2019-09-08 11:29:19.545,-2.8167,-1.1524,10.4706,-0.0316,-0.0104,9.8065,0.0876,-0.0153,-0.1077,-19.12,-29.87,30.63,25.93,-79.86,-126.58,False
4890.1,4893022,2019-09-08 11:29:19.646,-0.0632,-2.5751,9.6392,0.0148,0.0018,9.8066,-0.0461,-0.2208,0.0762,-18.56,-29.25,30.69,25.94,-79.58,-126.56,False
4890.199,4893121,2019-09-08 11:29:19.745,2.3899,-2.4333,9.5264,0.0205,-0.0197,9.8065,-0.1433,-0.2057,0.1285,-18.5,-28.69,31.81,27.08,-79.37,-127.78,False
4890.299,4893221,2019-09-08 11:29:19.845,1.1623,-0.144,10.7031,0.0038,-0.0331,9.8066,-0.1548,0.1273,-0.2884,-17.87,-28.5,30.94,26.35,-79.32,-127.6,False
4890.399,4893321,2019-09-08 11:29:19.945,3.8382,-0.5546,8.4603,-0.0108,-0.0028,9.8066,0.0913,0.0778,0.0009,-17.25,-28.25,31.5,27.02,-79.84,-128.92,False
4890.499,4893421,2019-09-08 11:29:20.045,0.13,-1.0015,9.2607,-0.0103,0.0321,9.8066,0.049,-0.1273,0.2235,-17.06,-28.31,31.25,26.66,-79.58,-128.68,False
4890.599,4893521,2019-09-08 11:29:20.145,-0.2615,-1.8746,10.4284,-0.0114,-0.0513,9.8064,-0.0921,-0.0171,0.0127,-17.44,-28.69,31.31,29.23,-79.52,-126.63,False
4890.699,4893621,2019-09-08 11:29:20.245,0.8596,0.0775,8.8618,0.0136,-0.0272,9.8066,-0.1877,-0.0071,-0.0139999999999999,-16.75,-28.0,30.0,29.04,-79.25,-126.08,False
4890.799,4893721,2019-09-08 11:29:20.345,1.6223,1.3288,9.1327,-0.0159,0.0421,9.8065,-0.0166,-0.1089,0.1474,-17.25,-28.12,30.06,31.25,-79.32,-124.15,False
4890.899,4893821,2019-09-08 11:29:20.445,0.9672,-1.1432,8.6157,-0.0145,-0.0013,9.8066,-0.1222,-0.026,0.0489,-17.25,-28.69,30.44,31.23,-79.03,-124.48,False
4890.999,4893921,2019-09-08 11:29:20.545,0.7667,-0.0355,9.926,-0.0273,0.0266,9.8065,0.1303,-0.0557,0.0382,-17.69,-28.87,30.88,31.19,-78.84,-123.83,False
4891.099,4894021,2019-09-08 11:29:20.645,1.1322,-1.8927,9.7942,0.012,-0.0394,9.8065,0.156,-0.0193,0.0111,-16.87,-28.12,31.31,32.0,-78.6,-124.55,False
4891.199,4894121,2019-09-08 11:29:20.745,0.3901,-0.1918,9.6632,0.0217,-0.0389,9.8065,-0.063,0.0377,-0.0516,-17.12,-28.44,31.13,32.39,-78.66,-124.19,False
4891.3,4894222,2019-09-08 11:29:20.846,1.2802,-0.8573,9.5562,-0.0107,0.0272,9.8066,-0.081,-0.0332,0.017,-16.56,-27.69,30.13,31.93,-78.63,-123.92,False
4891.399,4894321,2019-09-08 11:29:20.945,0.7082,-0.0699,10.3239,-0.0011,0.017,9.8066,0.0819999999999999,-0.0567,0.0165,-17.94,-28.06,30.13,29.98,-78.67,-124.07,False
4891.5,4894422,2019-09-08 11:29:21.046,0.7159,-0.6455,11.3302,0.0159,-0.0407,9.8064,0.1955,-0.0269,0.0076,-16.94,-27.81,30.63,31.92,-78.66,-124.59,False
4891.6,4894522,2019-09-08 11:29:21.146,0.8087,-1.5815,9.3306,0.0069999999999999,0.0151,9.8066,-0.1998,-0.0487,0.0961,-17.69,-27.94,30.81,28.91,-78.69,-125.69,False
4891.7,4894622,2019-09-08 11:29:21.246,-0.9003,-0.4072,10.8456,-0.0183,-0.038,9.8065,-0.0132,-0.0831,0.0637,-16.81,-28.25,30.06,29.85,-78.38,-125.81,False
4891.8,4894722,2019-09-08 11:29:21.346,-0.5278,-2.0538,10.8718,0.0233,-0.042,9.8065,-0.2451,0.177,-0.198,-17.69,-28.31,30.13,27.54,-78.46,-126.24,False
4891.899,4894821,2019-09-08 11:29:21.445,2.4474,0.088,9.7618,0.001,0.0182,9.8066,-0.1669,-0.0139999999999999,0.0045,-16.62,-27.81,29.94,29.24,-78.63,-126.21,False
4891.999,4894921,2019-09-08 11:29:21.545,2.047,0.9396,8.7768,-0.0109,-0.0018,9.8065,0.016,-0.0432,0.0069999999999999,-17.44,-27.75,30.56,29.36,-78.47,-126.87,False
4892.1,4895022,2019-09-08 11:29:21.646,0.1405,-0.126,9.3967,-0.016,0.005,9.8066,0.0125,-0.0684,0.0262,-17.12,-27.94,30.06,27.56,-78.3,-127.78,False
4892.2,4895122,2019-09-08 11:29:21.746,1.4491,-0.3653,9.4971,-0.0083,0.0233,9.8066,0.0045,-0.0487,0.019,-17.5,-28.25,31.0,28.83,-78.25,-127.42,False
4892.299,4895221,2019-09-08 11:29:21.845,1.1114,-0.7733,10.5312,-0.0093,-0.0001,9.8066,0.0287,0.025,-0.0093,-16.94,-27.81,30.94,29.34,-78.22,-127.0,False
4892.399,4895321,2019-09-08 11:29:21.945,1.9773,-1.8354,9.0859,0.0049,0.0021,9.8066,-0.2587,0.0086,-0.0026,-17.0,-28.25,30.19,28.59,-78.23,-126.95,False
4892.5,4895422,2019-09-08 11:29:22.046,0.722,1.7156,9.72,-0.0289999999999999,0.0613,9.8064,-0.1142,-0.0239,0.0304,-17.31,-27.87,30.63,29.09,-78.07,-127.29,False
4892.599,4895521,2019-09-08 11:29:22.145,2.4765,0.0558,9.7952,-0.0084,0.0078,9.8066,-0.0187,-0.0065,0.0112,-17.25,-27.81,30.69,30.02,-78.14,-126.47,False
4892.699,4895621,2019-09-08 11:29:22.245,-1.151,-1.411,10.8333,-0.0025,-0.0549,9.8064,0.095,-0.1093,0.0744,-17.12,-28.0,30.38,28.94,-78.36,-126.59,False
4892.799,4895721,2019-09-08 11:29:22.345,2.2722,-1.5333,9.8774,0.0254,-0.0455,9.8064,-0.1341,-0.0809,0.0439,-16.87,-28.06,30.44,27.76,-78.2,-127.66,False
4892.899,4895821,2019-09-08 11:29:22.445,1.1235,-0.27,8.9164,-0.0167,0.0682,9.8063,-0.2047,0.0464,-0.0706,-17.44,-28.25,30.88,28.18,-78.18,-128.0,False
4893.0,4895922,2019-09-08 11:29:22.546,0.7782,-0.2134,10.0328,-0.0069,0.0523,9.8064,0.2469,0.0249,-0.032,-17.87,-27.81,30.06,25.16,-78.21,-128.35,False
4893.099,4896021,2019-09-08 11:29:22.645,1.2405,0.1682,8.8112,-0.0079,0.0324,9.8065,0.1101,0.0226,0.0494,-17.69,-28.44,29.94,25.72,-78.55,-127.73,False
4893.199,4896121,2019-09-08 11:29:22.745,-0.488,-1.1334,10.8806,0.0133,-0.0661,9.8064,0.0139,0.0667,-0.1185,-17.5,-28.56,30.75,27.42,-78.2,-128.79,False
4893.299,4896221,2019-09-08 11:29:22.845,1.8728,0.9459,9.0657,0.0512,-0.1206,9.8057,-0.1831,0.1272,-0.0614,-17.62,-28.75,30.0,23.16,-78.04,-130.22,False
4893.399,4896321,2019-09-08 11:29:22.945,0.6254,2.4921,9.1688,-0.0207,0.0912,9.8062,0.1047,-0.0237,0.0719,-17.19,-28.56,31.06,24.98,-78.1,-130.86,False
4893.499,4896421,2019-09-08 11:29:23.045,1.3856,-0.7377,9.4675,-0.0143,0.0563,9.8064,-0.0008,-0.1782,0.0778,-16.94,-28.44,30.69,25.52,-78.43,-130.14,False
4893.6,4896522,2019-09-08 11:29:23.146,2.145,-0.6949,10.6494,0.0375,-0.0485,9.8064,-0.0156,-0.0487,-0.0761,-17.69,-28.25,32.06,24.53,-78.39,-130.22,False
4893.699,4896621,2019-09-08 11:29:23.245,1.0942,-1.4714,10.2779,0.0244,-0.0237,9.8065,0.0034,-0.0061,-0.0228,-16.5,-27.69,31.19,25.33,-78.35,-131.81,False
4893.8,4896722,2019-09-08 11:29:23.346,0.7099,-1.4617,9.5584,-0.01,-0.0414,9.8065,-0.2244,0.0888,0.0002,-17.06,-28.56,31.19,24.62,-78.36,-131.06,False
4893.899,4896821,2019-09-08 11:29:23.445,-1.5679,-0.5463,10.6739,-0.003,0.0299,9.8066,0.0095,-0.1264,0.0683,-16.81,-28.12,30.5,25.11,-78.25,-130.55,False
4893.999,4896921,2019-09-08 11:29:23.545,0.0103,-0.3,9.809,0.0014,-0.0078,9.8066,0.0748,-0.0649,0.1337,-17.0,-27.75,30.69,24.85,-78.51,-130.66,False
4894.099,4897021,2019-09-08 11:29:23.645,1.5633,1.0414,8.6451,0.0075,0.0425,9.8065,-0.1216,0.104,-0.0526,-16.75,-28.44,31.13,24.42,-78.19,-131.16,False
4894.199,4897121,2019-09-08 11:29:23.745,-0.5404,-0.2436,10.4299,-0.0144,0.0237,9.8065,0.1281,0.0056,-0.0079,-16.5,-28.12,30.94,26.76,-78.41,-130.59,False
4894.299,4897221,2019-09-08 11:29:23.845,1.4227,-0.5968,9.822,0.0191,-0.0205,9.8065,0.1261,0.0241,-0.0341,-17.06,-28.06,30.56,24.47,-78.57,-130.96,False
4894.399,4897321,2019-09-08 11:29:23.945,0.8465,-0.2262,9.9372,0.0287,-0.0427,9.8065,-0.0793,-0.0264,0.0216,-17.06,-27.87,30.88,22.78,-78.51,-132.41,False
4894.5,4897422,2019-09-08 11:29:24.046,0.1018,0.6918,9.8313,-0.0132,0.0321,9.8065,0.0112,-0.0207,0.0512,-16.94,-28.19,30.81,23.3,-78.72,-131.89,False
4894.599,4897521,2019-09-08 11:29:24.145,0.6865,-0.7094,10.3681,-0.0017,0.0275,9.8066,-0.0221,0.0069,-0.0203,-16.56,-28.5,31.31,22.93,-78.84,-132.16,False
4894.7,4897622,2019-09-08 11:29:24.246,0.6853,-1.3622,9.9026,0.0226,-0.0164,9.8065,0.0682,-0.0431,0.0021,-16.44,-28.19,31.06,24.02,-78.82,-132.73,False
4894.799,4897721,2019-09-08 11:29:24.345,0.3895,-0.5994,9.5297,0.0153,-0.0114,9.8066,-0.0022,0.0178,-0.0343,-16.0,-28.06,31.31,22.38,-78.9,-134.08,False
4894.899,4897821,2019-09-08 11:29:24.445,0.9336,1.577,9.4856,-0.0104,0.0368,9.8065,-0.0787,0.05,-0.0431,-16.69,-28.19,30.38,19.75,-78.99,-134.06,False
4894.999,4897921,2019-09-08 11:29:24.545,1.5930000000000002,-0.6185,7.6651,-0.0318,0.1006,9.806,-0.0089,0.001,0.0151,-16.19,-28.75,30.38,24.1,-79.35,-131.9,False
