elapsed_s,blackout_elapsed_s,reference_relative_x_m,reference_relative_y_m,reference_speed_mps,raw_relative_x_m,raw_relative_y_m,raw_position_error_m,raw_speed_mps,phase4_v4_relative_x_m,phase4_v4_relative_y_m,phase4_v4_position_error_m,phase4_v4_speed_mps,phase4_v5_relative_x_m,phase4_v5_relative_y_m,phase4_v5_position_error_m,phase4_v5_speed_mps,ekf_relative_x_m,ekf_relative_y_m,ekf_position_error_m,ekf_speed_mps,hybrid_relative_x_m,hybrid_relative_y_m,hybrid_position_error_m,hybrid_speed_mps,ml_speed_measurement_mps,ml_predicted_residual_mps,ml_update_attempted,ml_update_accepted,ml_update_rejected_innovation,ml_update_skipped_ood,ml_normalized_innovation_squared,stationary_update_attempted,stationary_update_accepted,horizontal_position_sigma_m
320.099,0.0,0.0,0.0,15.764999999999999,0.0,0.0,0.0,15.34418954149519,0.0,0.0,0.0,15.345731025839608,0.0,0.0,0.0,15.34573081292671,0.0,0.0,0.0,15.351467035645083,0.0,0.0,0.0,15.351467035645083,15.351467035645083,0.0,False,False,False,False,0.0,False,False,4.266312332389377
320.2,0.10099999999999909,-1.5060086766166023,-0.4558998279644655,15.766111111111112,-1.411116878182164,-0.6424227333289254,0.20927314121912866,15.358191389701407,-1.3655548083586202,-0.7347055949932515,0.31218575373828367,15.36032488173045,-1.3655233152834996,-0.7347643511122107,0.312252396338782,15.360326788012094,-1.3656772855492167,-0.736035395517948,0.3133190634599486,15.369201180231833,-1.3656772855492167,-0.736035395517948,0.3133190634599486,15.369201180231833,15.369201180231833,0.0,False,False,False,False,0.0,False,False,4.337588853833382
320.299,0.19999999999998863,-3.012017353248268,-0.9006801493558072,15.75,-2.797154254029774,-1.2712059916581326,0.4283171152541353,15.389195161410624,-2.7072827659745844,-1.453152436473685,0.6309427840257158,15.386615775605971,-2.707255105128345,-1.453203385810677,0.6310007564984954,15.386610392950725,-2.707660463976169,-1.4568189740540531,0.6339743751794192,15.404568872863244,-2.707660463976169,-1.4568189740540531,0.6339743751794192,15.404568872863244,15.404568872863244,0.0,False,False,False,False,0.0,False,False,4.451715308639318
320.4,0.3009999999999877,-4.511242207008266,-1.3676994862636604,15.71888888888889,-4.215371189248762,-1.908663167959174,0.6165884884293653,15.400844578039946,-4.079076418801495,-2.1868470319828917,0.9261587175825854,15.418844927684853,-4.0791828992022525,-2.186646487610953,0.9259316586430847,15.418841916786006,-4.081460733237056,-2.190194051880281,0.9280136990722855,15.432946136726168,-4.081460733237056,-2.190194051880281,0.9280136990722855,15.432946136726168,15.432946136726168,0.0,False,False,False,False,0.0,False,False,4.610224889410831
320.499,0.4000000000000341,-6.017250883639932,-1.8124798068649213,15.74111111111111,-5.608100922839875,-2.5284317215372782,0.8246155677318382,15.395234321466557,-5.424833977568615,-2.9094382665580936,1.246705920773431,15.439389800291536,-5.4252347558075105,-2.908689059416808,1.2458562601656984,15.439387237093408,-5.428738671720265,-2.9121407317408052,1.2472372562096847,15.446189358143563,-5.428738671720265,-2.9121407317408052,1.2472372562096847,15.446189358143563,15.446189358143563,0.0,False,False,False,False,0.0,False,False,4.802998838064273
320.599,0.5,-7.530043383128174,-2.2683796356194748,15.761944444444445,-7.015958199440346,-3.1521524357092923,1.0224176926608537,15.401452915068235,-6.784578809822454,-3.6425054509028927,1.563310329487462,15.45588640629549,-6.785356845186484,-3.6410554472770444,1.5616647923614555,15.455883448702885,-6.789845305745973,-3.644448771940492,1.5625170276498035,15.465855769486067,-6.789845305745973,-3.644448771940492,1.5625170276498035,15.465855769486067,15.465855769486067,0.0,False,False,False,False,0.0,False,False,5.031138682830726
320.699,0.6000000000000227,-9.0292682368882,-2.7131599562207356,15.67111111111111,-8.4247883682211,-3.7748576217137337,1.221719216733975,15.404812155831678,-8.145309021946101,-4.377394298100386,1.8844255990546945,15.47402377494996,-8.146583056682918,-4.375023265701402,1.881733984056212,15.474009852732525,-8.15130139237078,-4.3799320072303125,1.8838669937388222,15.482477078659567,-8.15130139237078,-4.3799320072303125,1.8838669937388222,15.482477078659567,15.482477078659567,0.0,False,False,False,False,0.0,False,False,5.288776116026711
320.799,0.6999999999999886,-10.528493090648197,-3.169059785765377,15.69,-9.834276595408973,-4.396357991808751,1.4100345488035093,15.403758333055624,-9.50792611445579,-5.11248375104613,2.1950976428674145,15.49100255008798,-9.509955107114418,-5.108706250040593,2.1908099028159436,15.49096881161587,-9.514423386888994,-5.115910232653153,2.1951227816751873,15.499876093670672,-9.514423386888994,-5.115910232653153,2.1951227816751873,15.499876093670672,15.499876093670672,0.0,False,False,False,False,0.0,False,False,5.572039606986957
320.899,0.8000000000000114,-12.027717944408238,-3.6360791226732303,15.725,-11.244147002687237,-5.017616886784323,1.58827894728055,15.4098568380382,-10.873168953332444,-5.8460920786008375,2.493419466949357,15.506243880484643,-10.8762359910267,-5.840367119263489,2.4869250613710214,15.506169741745362,-10.879418879877226,-5.851666427077576,2.495479481991489,15.513346076951981,-10.879418879877226,-5.851666427077576,2.495479481991489,15.513346076951981,15.513346076951981,0.0,False,False,False,False,0.0,False,False,5.877431256867541
320.999,0.9000000000000341,-13.526942798153172,-4.091978952217872,15.713888888888889,-12.654831524818139,-5.638737237536342,1.775679944775912,15.417544390302426,-12.241468277044884,-6.577327410118951,2.7981068066837356,15.522455638595265,-12.246041636997438,-6.568752615139635,2.7883894207934796,15.522319591672126,-12.247752615851125,-6.584654705833851,2.8017423034895512,15.532484752950301,-12.247752615851125,-6.584654705833851,2.8017423034895512,15.532484752950301,15.532484752950301,0.0,False,False,False,False,0.0,False,False,6.201922861841619
321.1,1.0010000000000332,-15.026167651913184,-4.547878780972425,15.685,-14.080493910022689,-6.263461894732429,1.95895999099513,15.404914894946042,-13.624414546931973,-7.317245011296815,3.103917055107237,15.53588644391043,-13.63115456151508,-7.304578805517801,3.089572227301143,15.53575058484634,-13.632409769204424,-7.322880283900377,3.1053493163998787,15.539923174912486,-13.632409769204424,-7.322880283900377,3.1053493163998787,15.539923174912486,15.539923174912486,0.0,False,False,False,False,0.0,False,False,6.546331476205513
321.199,1.1000000000000227,-16.52539250567321,-5.003778610517067,15.703888888888889,-15.479565969537399,-6.872846422306054,2.141767407715297,15.42388273915083,-14.981519866760406,-8.043168659173702,3.4090225275079318,15.556235207858377,-14.990992356426695,-8.025331730648693,3.388829750191782,15.556024188494604,-14.989319903171365,-8.051424716389365,3.4128676837515064,15.573694078032458,-14.989319903171365,-8.051424716389365,3.4128676837515064,15.573694078032458,15.573694078032458,0.0,False,False,False,False,0.0,False,False,6.898127780664711
321.299,1.1999999999999886,-18.024617359433222,-5.459678438481539,15.701944444444445,-16.89596906966418,-7.486812022134288,2.320154634495602,15.451049003282758,-16.355311083646367,-8.776176342033928,3.7129155372360367,15.586039685228812,-16.368176902413122,-8.751898322051508,3.6854452579608905,15.585820936140586,-16.3648388111244,-8.784443549147513,3.716036580892048,15.599171528556113,-16.3648388111244,-8.784443549147513,3.716036580892048,15.599171528556113,15.599171528556113,0.0,False,False,False,False,0.0,False,False,7.266083380210881
321.4,1.3009999999999877,-19.52384221319322,-5.915578268026181,15.676944444444443,-18.328540468090697,-8.105049274452988,2.494499859656991,15.445620113015396,-17.744881387179564,-9.51811581319274,4.0178325481316275,15.606824548877146,-17.761843560790506,-9.486061511725483,3.9815813246254894,15.606562755673743,-17.75519138269308,-9.527207052786206,4.021441064983548,15.61504289190007,-17.75519138269308,-9.527207052786206,4.021441064983548,15.61504289190007,15.61504289190007,0.0,False,False,False,False,0.0,False,False,7.648836014862452
321.5,1.4010000000000105,-21.029850889824885,-6.3603585886274345,15.688888888888888,-19.74822735829103,-8.717332372587537,2.682887305657194,15.476229454300126,-19.12419384924759,-10.251057252902115,4.3323278791534925,15.632340480311669,-19.145654139989215,-10.210413662646447,4.286387927506194,15.632047456057057,-19.1343880946315,-10.263205248274339,4.338777622404647,15.65076535917464,-19.1343880946315,-10.263205248274339,4.338777622404647,15.65076535917464,15.65076535917464,0.0,False,False,False,False,0.0,False,False,8.03760220333572
321.6,1.5010000000000332,-22.529075743584897,-6.816258417381995,15.703055555555556,-21.171686456583377,-9.33201979715539,2.858594234309205,15.533939423264604,-20.50671400993335,-10.985106413893813,4.6334911891314405,15.673857666480188,-20.532989009325274,-10.935260534477964,4.577176060774626,15.673571113076878,-20.51983529646913,-10.996285138308705,4.6378519340301585,15.69804689425144,-20.51983529646913,-10.996285138308705,4.6378519340301585,15.69804689425144,15.69804689425144,0.0,False,False,False,False,0.0,False,False,8.435361809029413
321.7,1.600999999999999,-24.028300597329874,-7.238799723256832,15.68,-22.59911024380949,-9.947490481649135,3.062611743462691,15.555245677179933,-21.89055065131353,-11.724837337785466,4.969356931299929,15.709006529474115,-21.922111714073772,-11.664957818662412,4.901724910424486,15.708734015745579,-21.90629806636272,-11.734949972903863,4.971746354032159,15.721085812875764,-21.90629806636272,-11.734949972903863,4.971746354032159,15.721085812875764,15.721085812875764,0.0,False,False,False,False,0.0,False,False,8.841107653636534
321.8,1.7010000000000218,-25.527525451089858,-7.694699551221298,15.673055555555555,-24.029290641130384,-10.562198740905727,3.2353143817278647,15.578549939564567,-23.27736388258057,-12.466216525709061,5.275471668222761,15.74189835768224,-23.314663739843784,-12.395437132630443,5.195545280562109,15.74159256736727,-23.29361704895629,-12.479011922651463,5.280150719112351,15.76403540032925,-23.29361704895629,-12.479011922651463,5.280150719112351,15.76403540032925,15.76403540032925,0.0,False,False,False,False,0.0,False,False,9.254043298282081
321.899,1.8000000000000114,-27.02675030484987,-8.150599379975858,15.68,-25.45130597220364,-11.170439724881613,3.4060916831447186,15.666654356964145,-24.654101403510122,-13.203369799824952,5.58210997067692,15.806975754311003,-24.6976620766237,-13.120718406506858,5.488782662189055,15.806711866867893,-24.67475773563303,-13.214965440951936,5.583876130898462,15.851817552585297,-24.67475773563303,-13.214965440951936,5.583876130898462,15.851817552585297,15.851817552585297,0.0,False,False,False,False,0.0,False,False,9.670009204287041
321.999,1.900000000000034,-28.52597515860991,-8.5953797013672,15.681944444444444,-26.895688449913745,-11.782795176028703,3.580146946797434,15.70996217081611,-26.049444500672255,-13.95343196987568,5.902705160498361,15.876306487311979,-26.10013873836146,-13.85729193763264,5.7941697179116,15.875986021150776,-26.072933814179045,-13.967191770450352,5.905402335407351,15.901864422315379,-26.072933814179045,-13.967191770450352,5.905402335407351,15.901864422315379,15.901864422315379,0.0,False,False,False,False,0.0,False,False,10.09698486269836
322.099,2.0,-30.025200012369922,-9.051279530121754,15.64111111111111,-28.34256795752385,-12.390610412131116,3.7393022573117745,15.67731884689033,-27.450680476843154,-14.7032773432182,6.2107350706704585,15.9088232452582,-27.509252983160017,-14.59214292646447,6.085323050645766,15.908406998429125,-27.47452608406887,-14.719973348319913,6.216110286424521,15.91725558434993,-27.058844466377007,-14.497226857942362,6.201419798936317,15.68171443651056,8.804422084441482,-7.112833499908447,True,True,False,False,0.37984314060083907,False,False,10.501738546620352
322.199,2.1000000000000227,-31.524424866129905,-9.507179358876307,15.68611111111111,-29.78844908022172,-12.993540965473562,3.894653923163768,15.653829393489373,-28.856222207199398,-15.450292331915222,6.514591103010785,15.925644849108881,-28.92330237334538,-15.322824568172125,6.370837262312937,15.9251545768456,-28.87989848735914,-15.469289400932395,6.522290695882886,15.935820490851771,-28.443401465867314,-15.235444559560898,6.504285310650182,15.69957591184469,15.69957591184469,0.0,False,False,False,False,0.0,False,False,10.932323802160793
322.3,2.201000000000022,-33.023649719889946,-9.963079188420956,15.66,-31.248821319601415,-13.596570715610367,4.043794817820012,15.632941627062706,-30.277115958020655,-16.205299519883678,6.819733306487465,15.936343317518276,-30.353190848472906,-16.060547478251056,6.6566110093210025,15.935852389413085,-30.302267160600984,-16.22283352928684,6.825719554888806,15.938364804850947,-29.84465385599783,-15.977801678913705,6.803153778967698,15.701409760364475,15.701409760364475,0.0,False,False,False,False,0.0,False,False,11.371585535799662
322.4,2.3009999999999877,-34.51609075076324,-10.40785950902221,15.653055555555557,-32.69512592145215,-14.189111105388925,4.19687699898553,15.62663108142887,-31.684008740369965,-16.954729537461517,7.133175708116976,15.944640067030763,-31.769095390929692,-16.79270215360219,6.950697742169063,15.94414913896485,-31.709444274696626,-16.972776432044135,7.139705781598904,15.95246013168726,-31.230888730909907,-16.716583595974,7.112844151008381,15.714801656033075,15.714801656033075,0.0,False,False,False,False,0.0,False,False,11.810515718502568
322.5,2.4010000000000105,-36.015315604538344,-10.86375933777677,15.646944444444442,-34.14318974218607,-14.782110430467448,4.342617935080001,15.668976785898511,-33.09220082993802,-17.705358726178652,7.439897995057977,15.970558361157787,-33.18620034562399,-17.52625972375829,7.238287403897828,15.970074571165702,-33.11920620999663,-17.723372978567898,7.445921630401472,15.990137695496768,-32.61964187352272,-17.45599447572468,7.415400474789253,15.75177578867487,15.75177578867487,0.0,False,False,False,False,0.0,False,False,12.25361159703228
322.6,2.501000000000033,-37.50775663541164,-11.308539659168112,15.59,-35.59504170652233,-15.379351471558413,4.497775807117607,15.728945461930234,-34.5030924166547,-18.457860508040245,7.755049688273827,16.009899099281018,-34.606014136366404,-18.26168209167978,7.534341326058939,16.009403991722078,-34.531719187616105,-18.477175561376153,7.761838673220892,16.03117549300745,-33.48807575487173,-17.918664952450214,7.73638098688695,15.548229730240246,8.474702070148453,-7.317408084869385,True,True,False,False,0.40191803177792934,False,False,12.666486823009622
322.699,2.6000000000000227,-39.006981489186714,-11.753319979769373,15.638888888888888,-37.035718485856826,-15.97406352377997,4.6583853310567065,15.757910974902103,-35.903821357632985,-19.20345038007589,8.070566633368186,16.046745854396427,-36.015815038215926,-18.989863305379913,7.830366277566563,16.04623051821112,-35.93370646669204,-19.22449660758115,8.078582769759223,16.064342321257833,-34.847803079882944,-18.643459579510353,8.048154368818818,15.579836289877282,15.579836289877282,0.0,False,False,False,False,0.0,False,False,13.106205678585013
322.8,2.701000000000022,-40.506206342946726,-12.198100301160714,15.64,-38.50773254555844,-16.580415907218587,4.816491211446974,15.767007631853865,-37.33679590853231,-19.964165849458958,8.387904184135621,16.07951715928051,-37.458514679903814,-19.731848296427103,8.12685568526731,16.07894421861991,-37.36781117860847,-19.98676945054697,8.397195444083872,16.096147612491777,-36.2386264997433,-19.38272702177657,8.356500393867254,15.610049791919833,15.610049791919833,0.0,False,False,False,False,0.0,False,False,13.558607992739852
322.9,2.8009999999999877,-42.01221501957839,-12.654000129915275,15.72888888888889,-39.96572236075775,-17.17781519810802,4.96518226994886,15.745672152904579,-38.759109218077995,-20.71585165113168,8.693454279277875,16.095076997465632,-38.891112916265925,-20.46360396740035,8.410183733888523,16.094414570028807,-38.789904929749056,-20.74076175393454,8.705113203096593,16.096118729613234,-37.61770387569941,-20.11391209759373,8.658060681191186,15.608444880138922,15.608444880138922,0.0,False,False,False,False,0.0,False,False,14.009823004666664
323.0,2.9010000000000105,-43.51143987332331,-13.109899958669821,15.651944444444444,-41.4223847998197,-17.771989830042777,5.1087408496506725,15.718020687249863,-40.18357681455601,-21.465372723159195,8.993808851428396,16.09740895978905,-40.3264762733166,-21.19188966192682,8.686918365963837,16.096702747540604,-40.214208957722484,-21.491079089133077,9.006436327855024,16.10088776229274,-38.99879157544211,-20.841463253944006,8.952154246280674,15.611637883916059,15.611637883916059,0.0,False,False,False,False,0.0,False,False,14.463895956126148
323.1,3.001000000000033,-45.0038809042117,-13.565799787424382,15.628055555555555,-42.878616894141786,-18.36356238134899,5.247406313614436,15.718083378838983,-41.60871175110641,-22.214881246648613,9.29159747656419,16.10676980481588,-41.762913225757096,-21.91934596429574,8.960223502899327,16.106053875029815,-41.640067033124375,-22.24044908505947,9.304019786967375,16.1148018437506,-39.90115939114691,-21.311588490705727,9.275505887862671,15.432142616356451,9.93417567402038,-5.689800262451172,True,True,False,False,0.24290883110377018,False,False,14.879987496135278
323.2,3.100999999999999,-46.49632193511515,-14.021699616178935,15.618055555555555,-44.336069044317234,-18.951545071427027,5.382385044274611,15.71372704048571,-43.034495149212034,-22.96590538127748,9.590780023752934,16.123004539215902,-43.20013305157423,-22.648087334068077,9.234686037723609,16.122288609615403,-43.066932009649804,-22.991386534821007,9.602916154967819,16.133303307969797,-41.26750916347052,-22.03067770404494,9.564738000218917,15.44827834626129,15.44827834626129,0.0,False,False,False,False,0.0,False,False,15.333803436571948
323.299,3.1999999999999886,-47.98876296600348,-14.466479937570277,15.645,-45.77944869809208,-19.529788281576273,5.524324476429459,15.69837889236905,-44.44813019360769,-23.70825770215759,9.896794262738997,16.133604114485326,-44.62522521493031,-23.36803662189543,9.51583404684782,16.132836857573068,-44.47995421952137,-23.736338403105215,9.911710992075944,16.136760613057618,-42.62043789531414,-22.74394801175928,9.865870046975576,15.449393574377897,15.449393574377897,0.0,False,False,False,False,0.0,False,False,15.785852413428989
323.4,3.3009999999999877,-49.48798781976352,-14.911260258171538,15.638888888888888,-47.250552394436475,-20.11760312450452,5.666755978893455,15.671810333551733,-45.89086956620766,-24.4654621834012,10.208919343305977,16.131233492421742,-46.08002184422054,-24.101637823528268,9.801901442285109,16.130460423542576,-45.92375299724254,-24.4915528509195,10.22182840947414,16.128339293617053,-44.0026131483263,-23.46692875990321,10.163109701147995,15.438582863279832,15.438582863279832,0.0,False,False,False,False,0.0,False,False,16.249479347657992
323.5,3.4010000000000105,-50.980428850651904,-15.356040579562887,15.65,-48.70595798557634,-20.699164277286762,5.807080898804153,15.674122924414949,-47.317438316785946,-25.218677690759254,10.520889241805534,16.132895594230316,-47.519004955254125,-24.83068556627003,10.087137998846133,16.132116486846545,-47.35132083881374,-25.24331619262995,10.532266803036212,16.139899358201216,-45.369045783094066,-24.186498039780403,10.462533100907542,15.447777193549635,15.447777193549635,0.0,False,False,False,False,0.0,False,False,16.711041285425523
323.599,3.5,-52.47965370441189,-15.800820900164148,15.645,-50.14766407536966,-21.27651589929343,5.951588977193396,15.699896793909756,-48.72824139650351,-25.96842763622409,10.837588340728667,16.142933762548815,-48.94281731185619,-25.55526057369899,10.375852013802865,16.142171505892428,-48.76387739557547,-25.991094290761573,10.846596948002999,16.148516929743394,-46.177630315221876,-24.612603022742018,10.83342064971544,15.26264789099651,9.866264583109613,-5.587788105010986,True,True,False,False,0.23414607281430155,False,False,17.12343572558975
323.699,3.6000000000000227,-53.978878558156836,-16.24560122076541,15.628055555555555,-51.60519920410403,-21.86428591279296,6.099505827875014,15.731868998566533,-50.15270513419606,-26.729357521335906,11.160141094089058,16.156366481149202,-50.381228068578835,-26.28931763299409,10.668614174972898,16.15560131041522,-50.189452823098236,-26.751628419430606,11.16854309660026,16.166665015750215,-47.524902815940365,-25.33136310911235,11.144723952294934,15.277550228532894,15.277550228532894,0.0,False,False,False,False,0.0,False,False,17.58399852253604
323.799,3.6999999999999886,-55.47810341191688,-16.69038154215675,15.653888888888888,-53.065999516947166,-22.455957023720075,6.249808463763686,15.789630831559315,-51.5760140303562,-27.49754402165733,11.490041879819834,16.19146497522466,-51.81932955760826,-27.029291779152064,10.967209809501176,16.190801631188826,-51.61732824035037,-27.515371729748985,11.492867243941024,16.219332274750556,-48.87423426256221,-26.053094748517474,11.457376939175905,15.326971739062799,15.326971739062799,0.0,False,False,False,False,0.0,False,False,18.04777608232888
323.899,3.8000000000000114,-56.9705444428203,-17.135161863548092,15.626944444444444,-54.53236795279032,-23.04523683336761,6.393253533641701,15.817347655437835,-52.998757257817914,-28.27478870451156,11.826511725731427,16.23267586178533,-53.25767004245047,-27.777137778004963,11.271073049040263,16.232029119699025,-53.04305754691981,-28.291774979726508,11.827728841225365,16.249151288147523,-50.22145184285131,-26.786743206849394,11.777235386512318,15.353545003989327,15.353545003989327,0.0,False,False,False,False,0.0,False,False,18.514898084710506
324.0,3.9010000000000105,-58.476553119451964,-17.57994218493944,15.681944444444444,-56.01521791002896,-23.634428726655123,6.535669690013543,15.779044048445334,-54.43347967913363,-29.069083042836873,12.17977013315176,16.241251656880085,-54.70879627123531,-28.540924671194762,11.590475776743567,16.240684590426113,-54.48174046563782,-29.080220009040683,12.174354938582512,16.237287889795713,-51.58066457985441,-27.531635991998712,12.107414603457453,15.338403399682377,15.338403399682377,0.0,False,False,False,False,0.0,False,False,18.989271197016166
324.099,4.0,-59.975777973196884,-18.024722504750606,15.718055555555555,-57.46652142933117,-24.206898708837514,6.672006521378055,15.73874058695119,-55.8381518310616,-29.850506567892715,12.528731731510065,16.23150549018922,-56.13017860622903,-29.29139195968837,11.904892905778327,16.230866659036998,-55.88441721552591,-29.86464696130363,12.526892830478452,16.2297389073017,-52.2962430786521,-27.946910125956155,12.546914496677484,15.134179218810736,9.789735433148435,-5.537905693054199,True,True,False,False,0.22982233250240502,False,False,19.40282556327484
324.2,4.100999999999999,-61.475002826956924,-18.469502826141962,15.638888888888888,-58.947216321186545,-24.789677820407988,6.806931509637832,15.771238713470922,-57.27537654649346,-30.64001972900187,12.874717184402854,16.23994905055334,-57.58462459016248,-30.048571723679846,12.215149583990081,16.239310231684957,-57.319779039435325,-30.658941863876088,12.878210620230668,16.254973295894743,-53.63460042362831,-28.687525070026236,12.87943665004937,15.155154419848058,15.155154419848058,0.0,False,False,False,False,0.0,False,False,19.87517148343518
324.299,4.199999999999989,-62.974227680716936,-18.914283146743216,15.64111111111111,-60.39914499001615,-25.365459867035668,6.946130717197172,15.782958954453312,-58.687157530138386,-31.4095602455734,13.21025814481048,16.24272730312865,-59.013483725432295,-30.785778434395322,12.514786975576932,16.242076859253906,-58.73178231933443,-31.42891185265007,13.214169451426898,16.235798602740054,-54.95082910549062,-29.405268858461305,13.207411021862566,15.131804879485287,15.131804879485287,0.0,False,False,False,False,0.0,False,False,20.340528544839906
324.399,4.300000000000011,-64.4666687116053,-19.359063468134558,15.636944444444444,-61.86325330818039,-25.95172596233764,7.088086520723493,15.759546341852937,-60.11225318617283,-32.18771093328178,13.547513807084881,16.23137472988223,-60.45649630655476,-31.530037757126294,12.814604865602634,16.230728651326295,-60.15732121492265,-32.205640452524726,13.550092843336097,16.232453340947515,-56.27923978137238,-30.12907553082181,13.52875279979806,15.124242600310843,15.124242600310843,0.0,False,False,False,False,0.0,False,False,20.812559016103084
324.499,4.400000000000034,-65.9658935653653,-19.80384378873582,15.629999999999999,-63.32761627435078,-26.536486164400984,7.231111976928943,15.7765522272392,-61.53513800442002,-32.96963199420366,13.891348887422117,16.240214067347743,-61.89799493891698,-32.27695204970535,13.119688598626363,16.239594934171556,-61.58224007199059,-32.9853607901201,13.89132133411934,16.253590149058663,-57.60675589770834,-30.85549676474574,13.856919428537879,15.141162391040089,15.141162391040089,0.0,False,False,False,False,0.0,False,False,21.28709620619544
324.599,4.5,-67.47190224198191,-20.259743617490372,15.696944444444442,-64.79514567043525,-27.115548728846477,7.359829445592794,15.77636518392702,-62.9575613894122,-33.7547746854472,14.230078596350053,16.25432301727419,-63.339769408693556,-33.0258316403483,13.418178906218843,16.25369543766275,-63.0055936713551,-33.77085902927426,14.230184535648112,16.260671045315743,-58.256954378604256,-31.224888610587513,14.32304677240187,14.94751203283665,9.644498815539045,-5.499527454376221,True,True,False,False,0.226460385849547,False,False,21.704584482010706
324.699,4.600000000000023,-68.96434327288536,-20.726762954398225,15.67111111111111,-66.2617358768126,-27.692463745888162,7.471617914071271,15.74328132522213,-64.38125752660822,-34.53867087682911,14.552438813320524,16.25049098098906,-64.78331202769114,-33.772410438557394,13.699267883877546,16.2498410683202,-64.42848684504727,-34.55641876653705,14.554496673405962,16.246122611069186,-59.56465699052369,-31.946853224116207,14.637094242623373,14.927688548297676,14.927688548297676,0.0,False,False,False,False,0.0,False,False,22.17708423754779
324.799,4.699999999999989,-70.47035194950196,-21.171543275789574,15.723055555555556,-67.7274260841252,-28.269421153399904,7.6094357654443066,15.759919268252112,-65.81021372586824,-35.31313192828316,14.8896412945278,16.256652502840076,-66.23205388990571,-34.50904649891173,13.994719099316399,16.255963579516763,-65.8538355625687,-35.33911772060392,14.900751296501122,16.276095143808277,-60.87420870380729,-32.66596479568021,14.973566417818315,14.95238603074435,14.95238603074435,0.0,False,False,False,False,0.0,False,False,22.652051868218503
324.899,4.800000000000011,-71.96957680326194,-21.627443104544128,15.69111111111111,-69.19508214562178,-28.8375909408374,7.7255454452406385,15.716359860685928,-67.23937072452908,-36.087814519373616,15.21437448606084,16.256143947566525,-67.68115863587987,-35.24559653317125,14.27741689466135,16.255504312734047,-67.28778451927906,-36.10609508216267,15.216784879841041,16.24752017548309,-62.19120182031192,-33.37038589864962,15.281142718161398,14.918536012126744,14.918536012126744,0.0,False,False,False,False,0.0,False,False,23.129330015753432
325.0,4.9010000000000105,-73.46880165702196,-22.061103917782177,15.641944444444446,-70.67377046431737,-29.3983098585362,7.8515470058599135,15.599175044414492,-68.67725189837684,-36.876459125988056,15.5709247970339,16.21828023491412,-69.13947896316867,-35.99563108477712,14.591575732429765,16.21763727331551,-68.72401780209246,-36.89499538915317,15.574251507357033,16.200728303325594,-63.50955155872343,-34.09453463256308,15.620183010704185,14.866416339173908,14.866416339173908,0.0,False,False,False,False,0.0,False,False,23.6126691892602
325.099,5.0,-74.968026510782,-22.494764730230145,15.61888888888889,-72.11353748320882,-29.945576981632158,7.9788915780437835,15.517507126567356,-70.0875387081839,-37.63729335209771,15.909598808750243,16.15466366662895,-70.56948434452593,-36.71858440427068,14.888392099483246,16.154035482022966,-70.12737478724317,-37.66356941609871,15.922454104396959,16.123241780850158,-64.08094454121186,-34.41479200967698,16.143593285105265,14.59054204803763,9.510603326082563,-5.273104190826416,True,True,False,False,0.20800270606695132,False,False,24.021088182384933
325.199,5.100000000000023,-76.47403518741366,-22.92842554346818,15.698055555555557,-73.55862106182892,-30.503003718230822,8.116272176883278,15.45991321576343,-71.51198776104604,-38.3922196563053,16.240407723506742,16.087989755037697,-72.01358717633441,-37.43505350523212,15.17688542753658,16.08733472003652,-71.54877368131059,-38.41880616876537,16.254540683147074,16.068417813730647,-65.36671154413281,-35.09796300412824,16.4763551953396,14.529343895824827,14.529343895824827,0.0,False,False,False,False,0.0,False,False,24.49381642675666
325.3,5.201000000000022,-77.97326004115861,-23.38432537222274,15.696111111111112,-75.0139529584982,-31.066988574675165,8.23291031724509,15.446851700820194,-72.9475431712987,-39.14929296343685,16.546662298119994,16.049726296696715,-73.4688784769855,-38.1533112140388,15.440608669072146,16.049081668199584,-72.98261304237384,-39.176759433250695,16.562232066916444,16.047369083890935,-66.66283668716014,-35.783118057069856,16.78260219657525,14.501857239040893,14.501857239040893,0.0,False,False,False,False,0.0,False,False,24.972504252405464
325.4,5.300999999999988,-79.4860525406619,-23.80686667730749,15.72111111111111,-76.45370420819654,-31.6223123619315,8.38309773644048,15.415882293224424,-74.36698080249508,-39.89554454477057,16.883437179185247,16.023283233018063,-74.90772886276487,-38.86126335064185,15.735180548620763,16.022631892923066,-74.40136889807006,-39.92320453717455,16.899418740259247,16.015372353771184,-67.94453466273627,-36.457453373281425,17.12436797895997,14.463486323827853,14.463486323827853,0.0,False,False,False,False,0.0,False,False,25.44800129681138
325.5,5.4010000000000105,-80.98527739442191,-24.26276650606205,15.700000000000001,-77.8907241080961,-32.173990946460805,8.494923907150229,15.369673134105865,-75.7834445676278,-40.64126151192643,17.18470725427225,15.992121527328791,-76.34350277829786,-39.5689404888777,15.994531364785788,15.991468873772416,-75.81781901789931,-40.66733367885016,17.199199115063788,15.9849971531831,-69.22331865279065,-37.12925989833039,17.432450362846893,14.426736938146476,14.426736938146476,0.0,False,False,False,False,0.0,False,False,25.92492209507457
325.599,5.5,-82.49128607105358,-24.6853078111468,15.671944444444444,-79.31037618418746,-32.71863393322525,8.640168765251671,15.348348447028581,-77.18185234760678,-41.38071833551228,17.519327014493673,15.965041199610315,-77.76081098068867,-40.271345328942814,16.28809258589562,15.964386023829924,-77.21642723360574,-41.40521555891487,17.53224032600729,15.960872084622803,-69.70321329901492,-37.37554488945947,18.01601849262867,14.198762908996576,9.14456955378523,-5.251731872558594,True,True,False,False,0.2061097594516379,False,False,26.32614199068475
325.699,5.600000000000023,-83.99051092479853,-25.08561010071505,15.616944444444442,-80.74313292526341,-33.26872835257608,8.803913231955768,15.346248800473141,-78.59236608316176,-42.12711197512733,17.876038539533493,15.951434313309989,-79.19016545523687,-40.98084578631475,16.604271562700468,15.950786973476522,-78.62656848566039,-42.15257622072124,17.890031051728954,15.958064674365438,-70.95732524998243,-38.04021159308842,18.376224548596316,14.188407520418334,14.188407520418334,0.0,False,False,False,False,0.0,False,False,26.79916796714222
325.799,5.699999999999989,-85.49651960141513,-25.508151404219625,15.643055555555554,-82.176732889842,-33.817888198667426,8.948335566089213,15.357410231466703,-80.00308718714561,-42.87230616053139,18.212404291891048,15.957488723847165,-80.61959123816575,-41.68935367876499,16.90016974204751,15.956839282587401,-80.03820845261308,-42.89840025927386,18.226736291444283,15.972991636272745,-72.21216199339659,-38.70319041885635,18.72386743318552,14.195786504004767,14.195786504004767,0.0,False,False,False,False,0.0,False,False,27.274603728739944
325.899,5.800000000000011,-87.0025282780468,-25.919573201941162,15.62111111111111,-83.61293136120611,-34.36599557463333,9.101176745705507,15.387269556892665,-81.41529044299897,-43.61786771149408,18.559279489577737,15.981078053606005,-82.05051401898339,-42.39817877206225,17.206594281193272,15.980430855311395,-81.452054959891,-43.64510076132621,18.574231648013825,16.005273394251073,-73.46852459040215,-39.36671830332948,19.078652132553035,14.220520283662216,14.220520283662216,0.0,False,False,False,False,0.0,False,False,27.75296430371145
325.999,5.900000000000034,-88.50853695467846,-26.330994998872626,15.613888888888889,-85.05178147500783,-34.913254832094964,9.252261469023368,15.400931295596566,-82.8279810589989,-44.3676234958823,18.910015410440078,16.00543372533149,-83.48193536672441,-43.1113772735509,17.517076034782715,16.004780649000292,-82.86827402273505,-44.39251100521418,18.92170516599355,16.021581004084126,-74.72656725905061,-40.030650884428724,19.432530974473096,14.22927991517439,14.22927991517439,0.0,False,False,False,False,0.0,False,False,28.23429916381772
326.099,6.0,-90.01454563129504,-26.72017777949749,15.611944444444445,-86.4926414397595,-35.45943525706582,9.422230648503017,15.417187174444415,-84.24233810604885,-45.119255516741426,19.28326842876109,16.028077688884583,-84.91479924885532,-43.826959888021484,17.85075368923463,16.027473053926304,-84.28302056146731,-45.14757571470187,19.298170231616222,16.051027149107128,-75.37771624220959,-40.376964177293814,20.018606077352896,14.106877228439773,10.518678482419729,-3.732499599456787,True,True,False,False,0.10399690599305662,False,False,28.639600059592173
326.2,6.100999999999999,-91.51377048507011,-27.153838591945444,15.636944444444444,-87.9493039722166,-36.00951889167562,9.546124611185588,15.415832323099833,-85.67469553815572,-45.87524493612244,19.610860555811264,16.043616785503634,-86.36553401666991,-44.546918141285424,18.139006448651877,16.04301788282021,-85.7159933838411,-45.90584422779516,19.627835710604337,16.052509937413486,-76.63675074182841,-41.04319189847113,20.35288313026681,14.099841085146261,14.099841085146261,0.0,False,False,False,False,0.0,False,False,29.125426271412657
326.299,6.199999999999989,-93.01977916170178,-27.54302137257031,15.608055555555554,-89.3769775462833,-36.54656327696055,9.712557358049757,15.399163653310355,-87.07988325835754,-46.616048412570386,19.976554352819203,16.04736199848479,-87.7885515983316,-45.25273250537977,18.466174758929345,16.04676105849392,-87.12249986729724,-46.64627548841883,19.992804227793957,16.058529298613372,-77.87183245676214,-41.69337952427893,20.72903579999124,14.097510206461129,14.097510206461129,0.0,False,False,False,False,0.0,False,False,29.604031869976712
326.4,6.300999999999988,-94.52578783831838,-27.954443170291853,15.55888888888889,-90.83228444741181,-37.09425746046183,9.857898993063062,15.392044465091105,-88.51303024456271,-47.37270765015907,20.327868783798742,16.044332714051798,-89.23939372179987,-45.97474596609486,18.77970382108267,16.043733608218147,-88.55624618442306,-47.403223381740986,20.344298446268592,16.046329136434938,-79.13004702997506,-42.35765524667451,21.08272641654639,14.076791112682825,14.076791112682825,0.0,False,False,False,False,0.0,False,False,30.09456732289071
326.5,6.4010000000000105,-96.01144504635018,-28.410342999046406,15.62888888888889,-92.27173418677569,-37.638210032892,9.956855292086631,15.38392699686169,-89.93115726302268,-48.12233474833067,20.628439549610448,16.036974114836458,-90.67467865787347,-46.690839522675724,19.04357184552305,16.036375009278874,-89.97511744554092,-48.15237294930275,20.64424853224525,16.043673856416124,-80.37437765949127,-43.014649139320916,21.39634628388749,14.065701246921561,14.065701246921561,0.0,False,False,False,False,0.0,False,False,30.582409953831444
326.599,6.5,-97.51745372295169,-28.799525780461366,15.565,-93.69642465513154,-38.17782310148947,10.126831872739347,15.39300847166485,-91.33387428768143,-48.866065060558995,20.997682093793077,16.03751914262673,-92.09402911453849,-47.40217481385835,19.377102093524915,16.036888226037185,-91.37913495910524,-48.89540436735538,21.012455673380366,16.047417202285786,-81.09528612415419,-43.39323467737781,21.96961374287069,13.945609076987019,11.156187603180863,-2.904906749725342,True,True,False,False,0.06292025796828865,False,False,30.98216854796629
326.7,6.600999999999999,-99.00989475385514,-29.23318659211924,15.581944444444444,-95.14935792102301,-38.725935430290015,10.247732683000963,15.357158542177418,-92.76443916123696,-49.62493016099785,21.326718484995943,16.029419912489832,-93.540711802915,-48.129705523288756,19.672071316129937,16.02882060372036,-92.80962088692833,-49.65527365252514,21.342563949246905,16.027459172214673,-82.33788507841,-44.05329903785702,22.306762192717443,13.916397158538892,13.916397158538892,0.0,False,False,False,False,0.0,False,False,31.47399533235459
326.799,6.699999999999989,-100.50911960761515,-29.64460838984077,15.573055555555555,-96.57077142561914,-39.25740019512979,10.388279582994626,15.299874932075705,-94.16492619539368,-50.36903545983825,21.673732198938854,16.008847178282483,-94.95608137988354,-48.8449599521968,19.9872392710128,16.0082267692757,-94.21080934242626,-50.39753104521047,21.687611923315593,16.0058053769482,-83.55399401708098,-44.69751348773877,22.673028815690024,13.885672720209802,13.885672720209802,0.0,False,False,False,False,0.0,False,False,31.957834880360856
326.9,6.800999999999988,-101.99477681563185,-30.067149694135438,15.505,-98.01915323973556,-39.796568976481474,10.510336930322895,15.303717889012084,-95.59270543951348,-51.127061798439186,22.01150643972179,16.00161468064802,-96.39820485833971,-49.575201577724464,20.294967503446518,16.00108500631925,-95.63782298489785,-51.15799783165516,22.02804433366709,16.013927223291326,-84.79162063528538,-45.35705444036358,23.015859091377028,13.884540678175917,13.884540678175917,0.0,False,False,False,False,0.0,False,False,32.45364705796278
326.999,6.900000000000034,-103.48721784652024,-30.500810507373487,15.553055555555558,-99.43913186425245,-40.32660068665837,10.627001118244234,15.316003502252178,-96.99346961381382,-51.86686322167289,22.331076433974214,16.000880809662153,-97.81252737539722,-50.288626578658324,20.585426320920654,16.000368463223946,-97.03883899409642,-51.89902352636767,22.34871607566392,16.004617412478616,-86.00589119858314,-45.99930669289237,23.36236643374166,13.866160224300586,13.866160224300586,0.0,False,False,False,False,0.0,False,False,32.94201484238886
327.099,7.0,-104.97965887742366,-30.912232304304936,15.51611111111111,-100.8730472116225,-40.863826907891,10.765616309706447,15.308990557919895,-98.40917460646936,-52.61206999926794,22.672763826728204,15.996339479110532,-99.24145984904439,-51.008035354209845,20.89900065337719,15.995864196877143,-98.45452448742546,-52.645603479650454,22.69177827877041,16.005050143856433,-86.9225747360419,-46.480523239302855,23.84176944619839,13.790433996386822,12.218626015810033,-1.6388046741485596,True,True,False,False,0.020001881150047224,False,False,33.34542828300524
327.199,7.100000000000023,-106.47209990831202,-31.3236541012364,15.516944444444443,-102.308375695474,-41.40228915065316,10.904837631982678,15.351142799033802,-99.82709167643925,-53.354424290480644,23.011105352263062,16.013559826729132,-100.67187405824718,-51.72591764875737,21.210727893551017,16.013147682833274,-99.87288717114421,-53.390823894247376,23.03279382584696,16.039332633140404,-88.14446419954223,-47.12251487024024,24.197236046121922,13.815124249777243,13.815124249777243,0.0,False,False,False,False,0.0,False,False,33.83980404909194
327.299,7.199999999999989,-107.95775711632875,-31.74619540553107,15.53,-103.74794318826451,-41.940841124915224,11.029657050547007,15.389025106036613,-101.24630304797174,-54.099479464896774,23.339085756523517,16.044419522139385,-102.1032658661502,-52.44720365355603,21.512945179198844,16.044007383687855,-101.29615998166871,-54.133347121078664,23.357256652258126,16.067029574770967,-89.37011378008464,-47.761937807838116,24.535779781626587,13.83322895551426,13.83322895551426,0.0,False,False,False,False,0.0,False,False,34.337529321492546
327.4,7.300999999999988,-109.45019814721711,-32.1687367106158,15.505,-105.20541656237492,-42.48319769509716,11.153756143264182,15.405320200968003,-102.67828901029773,-54.861129504302305,23.681288902035025,16.07336450825258,-103.54696115720483,-53.18629848548571,21.83085224906993,16.072800265626025,-102.73237207068904,-54.89203746085831,23.695518229835198,16.09711782161968,-90.60640335667426,-48.415017506929516,24.880318362528268,13.853629044110487,13.853629044110487,0.0,False,False,False,False,0.0,False,False,34.84362137844169
327.499,7.400000000000034,-110.9426391781055,-32.58015850754727,15.485,-106.63604295216666,-43.013772423271725,11.287474048504814,15.419822228572306,-104.08267344924124,-55.61173850810323,24.031496148246813,16.09616385517309,-104.9616813582122,-53.91712558484875,22.159377710152196,16.09565207630709,-104.13793669342955,-55.64473695312719,24.047427196630935,16.11334476991784,-91.81575581453964,-49.06264264367674,25.24895939442281,13.86035967887403,13.86035967887403,0.0,False,False,False,False,0.0,False,False,35.34286999501589
327.599,7.5,-112.42829638612223,-32.99158030447872,15.48111111111111,-108.08153915169696,-43.547813291469346,11.416144416161593,15.40004885680324,-105.50528998722713,-56.36556232458326,24.377675300883652,16.103886140931557,-106.3937213134424,-54.65279548861984,22.486092136284476,16.103479972119402,-105.55962099006155,-56.403119218678896,24.398337157018684,16.11291719137772,-92.70154922373071,-49.53497732961114,25.74545666210025,13.780378504260694,12.185536121077934,-1.6648037433624268,True,True,False,False,0.0206169762792934,False,False,35.75121473934788
327.7,7.600999999999999,-113.913953594154,-33.41412160956348,15.471944444444443,-109.54651317944885,-44.08403023642494,11.52915807340555,15.491596769183108,-106.94287058401129,-57.1324326776886,24.7215347067824,16.160640529199803,-107.83998224205745,-55.403048007968216,22.812409170023017,16.160063368921087,-107.0048747656542,-57.163819497286774,24.734258024378907,16.228168820422844,-93.93787723053526,-50.18571083753177,26.083133096252624,13.885482732094125,13.885482732094125,0.0,False,False,False,False,0.0,False,False,36.263227894428475
327.799,7.699999999999989,-115.39961080217073,-33.83666291464823,15.465,-110.99430862407844,-44.60774207600781,11.637131673250897,15.611596345821045,-108.35502264133012,-57.8943054735202,25.067835723219172,16.25479165269526,-109.25992923198645,-56.15017859473164,23.142788764290895,16.254288751404022,-108.42147681012452,-57.92958281194305,25.083124669554536,16.30370080241931,-95.15002136770153,-50.840951676651606,26.44223342620969,13.951068251516752,13.951068251516752,0.0,False,False,False,False,0.0,False,False,36.7705325572759
327.899,7.800000000000011,-116.8852680102025,-34.2703237270962,15.511944444444445,-112.4656672417925,-45.13639520022056,11.730489342358112,15.657370543484777,-109.79011448136008,-58.665664415085836,25.40617741575713,16.330387181811286,-110.70221588771817,-56.90789668864296,23.466781695381897,16.32992774877205,-109.86027144405615,-58.70432663934131,25.42382888295881,16.378759305234478,-96.3812317001745,-51.50391815068262,26.78455304386496,14.016079822439147,14.016079822439147,0.0,False,False,False,False,0.0,False,False,37.287846559156556
328.0,7.9010000000000105,-118.36414139536267,-34.68174552323755,15.41111111111111,-113.95800824722495,-45.671663558884816,11.840283263054266,15.737318225660728,-111.24676825482474,-59.44791147418323,25.768585066538513,16.410323642396776,-112.16564446539752,-57.677296698031554,23.816312435458123,16.409883876018448,-111.32170421005368,-59.488434883835076,25.7869687738246,16.462760489902845,-97.6319365762569,-52.17496373525003,27.126315637668842,14.089933605895817,14.089933605895817,0.0,False,False,False,False,0.0,False,False,37.81547550973849
328.099,8.0,-119.84301478050772,-35.1154063364756,15.451944444444445,-115.42740452046677,-46.19768591166277,11.929565564226952,15.792239986339588,-112.67919100494298,-60.221730923910634,26.108387644145925,16.480173469677432,-113.60410853832154,-58.43972528066985,24.144312069497616,16.47969239184689,-112.75978443828902,-60.26139848383704,26.124568382197072,16.520076747010222,-98.36769545181589,-52.57210012238933,27.6753590438217,14.038196795776116,11.841462898644075,-2.2958405017852783,True,True,False,False,0.03916186118409957,False,False,38.23246663060931
328.199,8.100000000000023,-121.32188816566786,-35.53794764156035,15.421944444444444,-116.91546792335892,-46.72971270315019,12.027973418063953,15.813994911578522,-114.12758881072914,-61.01281421455694,26.471244211794254,16.527013623514563,-115.05800924127647,-59.22054037588725,24.496966706092984,16.526495601648893,-114.21318875340738,-61.05049854161657,26.484407880143966,16.555975039084814,-99.60251576363198,-53.24252387802684,28.021119842917972,14.063398992333902,14.063398992333902,0.0,False,False,False,False,0.0,False,False,38.75845165833403
328.3,8.201000000000022,-122.800761550828,-35.982727962951714,15.46888888888889,-118.41978515867001,-47.2691014689012,12.106823739711588,15.831480130157386,-115.59060854334741,-61.81957081276073,26.82403315754379,16.556457397427643,-116.52600300122535,-60.018092462910396,24.840920705595547,16.555889749563768,-115.67971934893396,-61.85624534207753,26.83557608118524,16.578719869619878,-100.84792704294026,-53.926782465349596,28.353413108755223,14.075340766396994,14.075340766396994,0.0,False,False,False,False,0.0,False,False,39.29329340939001
328.399,8.300000000000011,-124.27963493598814,-36.42750828355297,15.453888888888887,-119.8960167362487,-47.8007669747286,12.188811335708213,15.866569004164003,-117.02515938337098,-62.61557250056354,27.174291581893897,16.58691346749864,-117.96498520373665,-60.805936717919415,25.182981836362238,16.58633801542691,-117.1174295527629,-62.65193311976133,27.184878957638244,16.617383752402333,-102.06833790494117,-54.60220787727233,28.6995021058439,14.103415514617815,14.103415514617815,0.0,False,False,False,False,0.0,False,False,39.82115920499508
328.5,8.40100000000001,-125.75850832113325,-36.872288604944316,15.411944444444444,-121.40669570531881,-48.34555694860196,12.27086629088339,15.93363018554225,-118.48999099109314,-63.43368545132392,27.537958286843956,16.637057910992,-119.4342779817675,-61.615890023504235,25.539023093022074,16.636483123314033,-118.58678912775328,-63.46936060252374,27.547010636966007,16.678250421615033,-103.31533438756358,-55.29593132873607,29.036643528934015,14.153479127358542,14.153479127358542,0.0,False,False,False,False,0.0,False,False,40.36399839350399
328.599,8.5,-127.24416552916502,-37.30594941739227,15.49,-122.89292838728214,-48.87909799153297,12.364102579000065,15.967386640743177,-119.92663666794289,-64.24422999110709,27.914462002750476,16.686800413610232,-120.87525279800087,-62.41859360059602,25.90768124030751,16.686211862203777,-120.02872573486344,-64.27783733886923,27.920338634656737,16.718174792388115,-103.78062778089352,-55.57580112949706,29.737603892157477,14.036004819343821,10.868866685957686,-3.3139476776123047,True,True,False,False,0.08149985039965991,False,False,40.78928049468781
328.699,8.600000000000023,-128.7094712685668,-37.76184924693692,15.42611111111111,-124.39662688606755,-49.4144412471733,12.42511677979842,15.955684062796898,-121.38006108582717,-65.06700833092893,28.271752089832685,16.716258242459894,-122.33290858529142,-63.23373309217492,26.257902015946303,16.715682447123612,-121.48342271443803,-65.10366397889081,28.280569487602563,16.737066601160357,-105.00156608693963,-56.26892374754948,30.076179522543217,14.043235275970032,14.043235275970032,0.0,False,False,False,False,0.0,False,False,41.3276128828127
328.8,8.701000000000022,-130.18156083087035,-38.20662956674808,15.401111111111112,-125.91743288144302,-49.95297561597586,12.496376781983507,15.991670414951605,-122.85297877690627,-65.89583283992663,28.64262719837491,16.751091059841965,-123.81003077548455,-64.05492112130237,26.621994131468206,16.750513992947027,-122.95775139196888,-65.93592420329294,28.654793732460853,16.787996590114002,-106.23844405192607,-56.967142773188776,30.417588610197214,14.082387299256187,14.082387299256187,0.0,False,False,False,False,0.0,False,False,41.875252613019185
328.9,8.800999999999988,-131.64686657030228,-38.662529396292726,15.381944444444445,-127.42865171516242,-50.48536996753097,12.55280429772725,16.053486153279852,-124.31411060407154,-66.72060971713151,29.000434157973103,16.805926448712366,-125.27561248080808,-64.8716530142858,26.972412563509014,16.80538971049019,-124.42453210845609,-66.7586766358402,29.00957781121784,16.84750391469858,-107.4687432059143,-57.6572470337144,30.74704778590852,14.130233271694742,14.130233271694742,0.0,False,False,False,False,0.0,False,False,42.422072103894855
328.999,8.900000000000034,-133.11217230971909,-39.11842922504728,15.348888888888888,-128.9307644458235,-51.00912802293129,12.604478951001825,16.08407986917496,-125.76350831902286,-67.54301991401897,29.359159018673058,16.86007723181113,-126.72981966198684,-65.68541779252176,27.322871497416493,16.859521706786786,-125.87692507477671,-67.58368143587936,29.370382802698057,16.896995718053436,-108.68673183605458,-58.34910281211606,31.087311703409046,14.16818033642502,14.16818033642502,0.0,False,False,False,False,0.0,False,False,42.96787869989937
329.099,9.0,-134.5910456948642,-39.58544856274523,15.511111111111111,-130.45382709441083,-51.53601640178904,12.646448095158009,16.14839939809465,-127.23418772084067,-68.37366580183968,29.71337764467797,16.920846371343462,-128.20563291807716,-66.50678903226213,27.668250197755622,16.92025792256125,-127.35004308615078,-68.41864645711654,29.72852871561882,16.96887655552744,-109.32316430689464,-58.72704693821844,31.699631199817087,14.115937638733289,11.751784154409862,-2.4766156673431396,True,True,False,False,0.04546513061464697,False,False,43.407025506076955
329.2,9.100999999999999,-136.05635143429612,-40.05246789965308,15.368055555555555,-131.99967356484458,-52.07015157322644,12.683901458721978,16.238232453151934,-128.72657189512677,-69.21419303334721,30.068785822941933,16.996060291744644,-129.70337330742686,-67.33761192854583,28.01498555698183,16.995471843066912,-128.84701992620285,-69.26117161867876,30.085259409541592,17.046685297811475,-110.56848231051063,-59.42793403554749,32.016248381945196,14.181221305691562,14.181221305691562,0.0,False,False,False,False,0.0,False,False,43.96791888460389
329.299,9.199999999999989,-137.52165717371292,-40.51948723577084,15.411944444444444,-133.52208170040578,-52.59419014882107,12.71986849008683,16.288571184018593,-130.19415200392768,-70.04407039694671,30.42027848088211,17.063931742220692,-131.17638539805847,-68.15769055424448,28.357234642683416,17.06334856778489,-130.31977986203086,-70.09122307931544,30.43607395202117,17.10612647425032,-111.79357999410405,-60.118402384768046,32.34271835170172,14.228385428098225,14.228385428098225,0.0,False,False,False,False,0.0,False,False,44.52277022174831
329.399,9.300000000000011,-138.98696291311478,-40.98650657346877,15.435,-135.0658368733826,-53.119909785433016,12.751262797212279,16.3278162086478,-131.68073910413386,-70.88823787307912,30.78139764632231,17.127063439421587,-132.6686465950215,-68.99166721815116,28.709060309072314,17.126480271468637,-131.81050075528202,-70.93696785241326,30.798242481095553,17.17233908531928,-113.03346399044091,-60.82183749049233,32.665340330648085,14.282196974488206,14.282196974488206,0.0,False,False,False,False,0.0,False,False,45.088125460965365
329.5,9.40100000000001,-140.44548482967502,-41.475764926683226,15.399999999999999,-136.63066017019634,-53.64789573881729,12.755926296834351,16.37509817758007,-133.18606182254624,-71.74695611090966,31.129475390832066,17.190407584603484,-134.17995072154625,-69.83969572119342,29.047710542758594,17.18983046711942,-133.32099234685174,-71.79548742257427,31.14552881820514,17.232088265417996,-114.28962814776895,-61.53580473031006,32.96261572884506,14.329421079261161,14.329421079261161,0.0,False,False,False,False,0.0,False,False,45.664184663909225
329.6,9.501000000000033,-141.9175743919635,-41.94278426359108,15.408888888888889,-138.18442135135737,-54.17074351304509,12.785124912604285,16.412360419248248,-134.67979768028235,-72.60319436895728,31.503113489898038,17.2444094090059,-135.68026926554901,-70.6842253582595,29.410447317888437,17.243792884762453,-134.81855970395017,-72.65289600254715,31.519945630660544,17.280851117118065,-114.76640057303209,-61.833505108528364,33.65749568041345,14.225518583966975,11.348787913126737,-3.0169949531555176,True,True,False,False,0.06739348988159255,False,False,46.11672751508965
329.7,9.600999999999999,-143.37609630852376,-42.43204261601544,15.39888888888889,-139.7431362786715,-54.694653651044675,12.789449869909376,16.475779600573578,-136.17894186622098,-73.46148222212277,31.85318122786829,17.304654582441263,-137.18662773241758,-71.52965692042467,29.748624833137526,17.30400153416808,-136.32047802645084,-73.51485093943467,31.873542674336363,17.352802809027242,-116.0027469332259,-62.543047586908706,33.96693652600148,14.28414890614585,14.28414890614585,0.0,False,False,False,False,0.0,False,False,46.68953024312927
329.799,9.699999999999989,-144.84140204794068,-42.910181461076576,15.428888888888888,-141.29233419804297,-55.21400873185121,12.805469460829428,16.533013364743532,-137.66639901282994,-74.31736031709171,32.21632431311139,17.36454425258514,-138.68177820558878,-72.37190083544279,30.09873542814009,17.36394637684129,-137.8143447556254,-74.36805930685325,32.23317565411898,17.401732078418604,-117.23224467242532,-63.2452640151351,34.28966540324284,14.319890019504212,14.319890019504212,0.0,False,False,False,False,0.0,False,False,47.26154399426962
329.899,9.800000000000011,-146.29992396448586,-43.39943981429103,15.405,-142.85846118625503,-55.73621325203304,12.807796254942732,16.48489173490501,-139.16680021848543,-75.19289880069155,32.58382249975726,17.37906980117055,-140.19083792349616,-73.23232312642774,30.451959854363736,17.37855957423242,-139.31901277274122,-75.24024567273898,32.59708635418814,17.38179792396505,-118.46970741744707,-63.96256385950098,34.60293374200753,14.286634495320348,14.286634495320348,0.0,False,False,False,False,0.0,False,False,47.84261790192952
329.999,9.900000000000034,-147.75844588103104,-43.88869816750548,15.371111111111112,-144.42280809525818,-56.2504852624146,12.803915792355763,16.44947971077305,-140.6615716347964,-76.07959789277024,32.96391434870742,17.380862303037844,-141.69486796682702,-74.10312341939687,30.81685367495771,17.38035209479268,-140.81879791783038,-76.12126251949897,32.97115282422737,17.4063964281634,-119.70204150249943,-64.68647227619833,34.924335849489,14.297911629788391,14.297911629788391,0.0,False,False,False,False,0.0,False,False,48.42658423830733
